site,ancestor_node,t_branch_start,t_branch_end,event_indicator
3,INTNODE1321,0,0,0
3,INTNODE1321,0,1,0
3,INTNODE1324,0,3,0
3,INTNODE1324,0,2,0
3,INTNODE1324,0,0,0
3,INTNODE1324,0,0,0
3,INTNODE1324,0,0,0
3,INTNODE1324,0,1,0
3,INTNODE2304,25,33,0
3,INTNODE2304,25,27,0
3,INTNODE2304,51,51,0
3,INTNODE2304,6,7,0
3,INTNODE2304,55,55,0
3,INTNODE2304,21,28,0
3,INTNODE2304,5,5,0
3,INTNODE2304,50,50,0
3,INTNODE2304,35,38,0
3,INTNODE2304,33,33,0
3,INTNODE2304,54,54,0
3,INTNODE2304,50,51,0
3,INTNODE2304,57,57,0
3,INTNODE2304,50,50,0
3,INTNODE2304,46,48,0
3,INTNODE2304,3,13,1
3,INTNODE2304,6,7,0
3,INTNODE2304,25,30,0
3,INTNODE2304,49,49,0
3,INTNODE2304,53,54,0
3,INTNODE2304,55,55,0
3,INTNODE2304,20,25,0
3,INTNODE2304,55,56,0
3,INTNODE2304,48,48,0
3,INTNODE2304,51,56,0
3,INTNODE2304,51,52,0
3,INTNODE2304,31,31,0
3,INTNODE2304,24,29,0
3,INTNODE2304,28,29,0
3,INTNODE2304,55,56,0
3,INTNODE2304,27,27,0
3,INTNODE2304,49,49,0
3,INTNODE2304,24,25,0
3,INTNODE2304,6,6,0
3,INTNODE2304,29,29,0
3,INTNODE2304,62,62,0
3,INTNODE2304,58,58,0
3,INTNODE2304,62,64,0
3,INTNODE2304,48,49,0
3,INTNODE2304,65,67,0
3,INTNODE2304,55,55,0
3,INTNODE2304,28,28,0
3,INTNODE2304,23,23,0
3,INTNODE2304,52,52,0
3,INTNODE2304,30,31,0
3,INTNODE2304,54,54,0
3,INTNODE2304,51,51,0
3,INTNODE2304,30,30,0
3,INTNODE2304,47,48,0
3,INTNODE2304,30,32,0
3,INTNODE2304,57,58,0
3,INTNODE2304,50,52,0
3,INTNODE2304,53,53,0
3,INTNODE2304,51,54,0
3,INTNODE2304,30,32,0
3,INTNODE2304,52,52,0
3,INTNODE2304,30,30,0
3,INTNODE2304,30,32,0
3,INTNODE2304,12,12,0
3,INTNODE2304,58,60,0
3,INTNODE2304,31,33,0
3,INTNODE2304,20,27,0
3,INTNODE2304,11,14,0
3,INTNODE2304,57,57,0
3,INTNODE2304,51,53,0
3,INTNODE2304,53,53,0
3,INTNODE2304,42,51,0
3,INTNODE2304,22,22,0
3,INTNODE2304,56,56,0
3,INTNODE2304,49,50,0
3,INTNODE2304,53,54,0
3,INTNODE2304,51,52,0
3,INTNODE2304,54,54,0
3,INTNODE2304,15,16,0
3,INTNODE2304,59,60,0
3,INTNODE2304,6,7,0
3,INTNODE2304,63,66,0
3,INTNODE2304,50,52,0
3,INTNODE2304,19,19,0
3,INTNODE2304,0,1,0
3,INTNODE2304,28,28,0
3,INTNODE2304,48,49,0
3,INTNODE2304,31,31,0
3,INTNODE2304,41,41,0
3,INTNODE2304,57,57,0
3,INTNODE2304,30,30,0
3,INTNODE2304,54,54,0
3,INTNODE2304,56,56,0
3,INTNODE2304,51,54,0
3,INTNODE2304,29,30,0
3,INTNODE2304,49,50,0
3,INTNODE2304,1,3,0
3,INTNODE2304,13,15,0
3,INTNODE2304,55,58,0
3,INTNODE2304,28,28,0
3,INTNODE2304,59,60,0
3,INTNODE2304,54,55,0
3,INTNODE2304,5,5,0
3,INTNODE2304,20,20,0
3,INTNODE2304,31,33,0
3,INTNODE2304,46,46,0
3,INTNODE2304,52,53,0
3,INTNODE2304,31,34,0
3,INTNODE2304,11,11,0
3,INTNODE2304,49,49,0
3,INTNODE2304,21,25,0
3,INTNODE2304,50,52,0
3,INTNODE2304,49,49,0
3,INTNODE2304,53,54,0
3,INTNODE2304,13,13,0
3,INTNODE2304,27,27,0
3,INTNODE2304,52,52,0
3,INTNODE2304,58,58,0
3,INTNODE2304,57,59,0
3,INTNODE2304,13,14,0
3,INTNODE2304,53,53,0
3,INTNODE2304,55,62,0
3,INTNODE2304,46,47,0
3,INTNODE2304,32,34,0
3,INTNODE2304,38,38,0
3,INTNODE2304,51,51,0
3,INTNODE2304,6,6,0
3,INTNODE2304,29,29,0
3,INTNODE2304,50,51,0
3,INTNODE2304,29,29,0
3,INTNODE2304,19,19,0
3,INTNODE2304,47,47,0
3,INTNODE2304,51,52,0
3,INTNODE2304,51,53,0
3,INTNODE2304,47,48,0
3,INTNODE2304,54,54,0
3,INTNODE2304,30,30,0
3,INTNODE2304,52,54,0
3,INTNODE2304,1,5,0
3,INTNODE2304,22,24,0
3,INTNODE2304,47,48,0
3,INTNODE2304,47,48,0
3,INTNODE2304,28,30,0
3,INTNODE2304,50,51,0
3,INTNODE2304,5,5,0
3,INTNODE2304,30,31,0
3,INTNODE2304,53,54,0
3,INTNODE2304,27,32,1
3,INTNODE2304,50,52,0
3,INTNODE2304,51,53,0
3,INTNODE2304,54,54,0
3,INTNODE2304,51,51,0
3,INTNODE2304,60,66,0
3,INTNODE2304,50,50,0
3,INTNODE2304,49,49,0
3,INTNODE2304,5,5,0
3,INTNODE2304,30,30,0
3,INTNODE2304,19,20,0
3,INTNODE2304,34,35,0
3,INTNODE2304,55,56,0
3,INTNODE2304,54,58,0
3,INTNODE2304,59,59,0
3,INTNODE2304,32,33,0
3,INTNODE2304,51,54,0
3,INTNODE2304,53,54,0
3,INTNODE2304,31,31,0
3,INTNODE2304,47,50,0
3,INTNODE2304,34,35,0
3,INTNODE2304,52,53,0
3,INTNODE2304,29,32,0
3,INTNODE2304,55,56,0
3,INTNODE2304,51,53,0
3,INTNODE2304,22,22,0
3,INTNODE2304,49,49,0
3,INTNODE2304,28,28,0
3,INTNODE2304,50,50,0
3,INTNODE2304,54,55,0
3,INTNODE2304,55,60,0
3,INTNODE2304,53,54,0
3,INTNODE2304,28,28,0
3,INTNODE2304,46,49,0
3,INTNODE2304,57,57,0
3,INTNODE2304,29,30,0
3,INTNODE2304,39,42,0
3,INTNODE2304,52,55,0
3,INTNODE2304,23,23,0
3,INTNODE2304,7,7,0
3,INTNODE2304,59,59,0
3,INTNODE2304,56,58,0
3,INTNODE2304,30,30,0
3,INTNODE2304,28,29,0
3,INTNODE2304,35,37,0
3,INTNODE2304,49,52,0
3,INTNODE2304,31,31,0
3,INTNODE2304,54,54,0
3,INTNODE2304,12,13,0
3,INTNODE2304,57,57,0
3,INTNODE2304,56,58,0
3,INTNODE2304,49,51,0
3,INTNODE2304,53,53,0
3,INTNODE2304,51,53,0
3,INTNODE2304,49,52,0
3,INTNODE2304,28,29,0
3,INTNODE2304,48,51,0
3,INTNODE2304,65,66,0
3,INTNODE2304,30,30,0
3,INTNODE2304,33,33,0
3,INTNODE2304,56,58,0
3,INTNODE2304,58,58,0
3,INTNODE2304,63,64,0
3,INTNODE2304,6,6,0
3,INTNODE2304,59,59,0
3,INTNODE2304,47,50,0
3,INTNODE2304,31,31,0
3,INTNODE2304,35,36,0
3,INTNODE2304,54,54,0
3,INTNODE2304,54,57,0
3,INTNODE2304,49,49,0
3,INTNODE2304,55,56,0
3,INTNODE2304,56,56,0
3,INTNODE2304,30,31,0
3,INTNODE2304,5,5,0
3,INTNODE2304,33,33,0
3,INTNODE2304,53,53,0
3,INTNODE2304,58,59,0
3,INTNODE2304,30,32,0
3,INTNODE2304,20,21,0
3,INTNODE2304,51,52,0
3,INTNODE2304,49,53,0
3,INTNODE2304,49,49,0
3,INTNODE2304,21,22,0
3,INTNODE2304,49,49,0
3,INTNODE2304,31,31,0
3,INTNODE2304,28,28,0
3,INTNODE2304,54,54,0
3,INTNODE2304,55,55,0
3,INTNODE2304,6,6,0
3,INTNODE2304,30,35,0
3,INTNODE2304,58,60,0
3,INTNODE2304,34,38,0
3,INTNODE2304,52,53,0
3,INTNODE2304,22,22,0
3,INTNODE2304,6,14,0
3,INTNODE2304,59,59,0
3,INTNODE2304,31,31,0
3,INTNODE2304,56,56,0
3,INTNODE2304,31,31,0
3,INTNODE2304,31,31,0
3,INTNODE2304,33,33,0
3,INTNODE2304,53,53,0
3,INTNODE2304,41,47,0
3,INTNODE2304,28,28,0
3,INTNODE2304,6,6,0
3,INTNODE2304,47,47,0
3,INTNODE2304,30,31,0
3,INTNODE2304,68,70,0
3,INTNODE2304,5,5,0
3,INTNODE2304,56,58,0
3,INTNODE2304,28,29,0
3,INTNODE2304,30,31,0
3,INTNODE2304,56,60,0
3,INTNODE2304,55,55,0
3,INTNODE2304,49,50,0
3,INTNODE2304,34,34,0
3,INTNODE2304,49,50,0
3,INTNODE2304,64,66,0
3,INTNODE2304,49,52,0
3,INTNODE2304,54,58,0
3,INTNODE2304,31,31,0
3,INTNODE2304,35,36,0
3,INTNODE2304,53,54,0
3,INTNODE2304,50,51,0
3,INTNODE2304,51,51,0
3,INTNODE2304,53,53,0
3,INTNODE2304,30,31,0
3,INTNODE2304,51,52,0
3,INTNODE2304,47,48,0
3,INTNODE2304,54,54,0
3,INTNODE2304,55,57,0
3,INTNODE2304,54,54,0
3,INTNODE2304,52,52,0
3,INTNODE2304,47,48,0
3,INTNODE2304,31,31,0
3,INTNODE2304,59,60,0
3,INTNODE2304,5,6,0
3,INTNODE2304,5,6,0
3,INTNODE2304,13,20,0
3,INTNODE2304,48,48,0
3,INTNODE2304,34,35,0
3,INTNODE2304,22,22,0
3,INTNODE2304,46,47,0
3,INTNODE2304,28,28,0
3,INTNODE2304,51,51,0
3,INTNODE2304,31,31,0
3,INTNODE2304,32,33,0
3,INTNODE2304,57,61,0
3,INTNODE2304,56,58,0
3,INTNODE2304,22,29,0
3,INTNODE2304,20,26,0
3,INTNODE2304,14,14,0
3,INTNODE2304,57,57,0
3,INTNODE2304,51,53,0
3,INTNODE2304,53,53,0
3,INTNODE2304,58,58,0
3,INTNODE2304,21,22,0
3,INTNODE2304,5,6,0
3,INTNODE2304,54,54,0
3,INTNODE2304,55,55,0
3,INTNODE2304,54,55,0
3,INTNODE2304,53,58,0
3,INTNODE2304,5,6,0
3,INTNODE2304,57,58,0
3,INTNODE2304,30,30,0
3,INTNODE2304,28,28,0
3,INTNODE2304,22,31,0
3,INTNODE2304,28,28,0
3,INTNODE2304,53,55,0
3,INTNODE2304,49,49,0
3,INTNODE2304,28,28,0
3,INTNODE2304,57,59,0
3,INTNODE2304,49,50,0
3,INTNODE2304,35,35,0
3,INTNODE2304,61,62,0
3,INTNODE2304,49,49,0
3,INTNODE2304,24,25,0
3,INTNODE2304,49,55,0
3,INTNODE2304,62,65,0
3,INTNODE2304,55,57,0
3,INTNODE2304,28,28,0
3,INTNODE2304,31,31,0
3,INTNODE2304,50,52,0
3,INTNODE2304,30,41,0
3,INTNODE2304,54,54,0
3,INTNODE2304,57,57,0
3,INTNODE2304,50,51,0
3,INTNODE2304,59,59,0
3,INTNODE2304,54,55,0
3,INTNODE2304,54,54,0
3,INTNODE2304,50,52,0
3,INTNODE2304,22,25,0
3,INTNODE2304,53,53,0
3,INTNODE2304,28,29,0
3,INTNODE2304,23,25,0
3,INTNODE2304,52,52,0
3,INTNODE2304,54,55,0
3,INTNODE2304,54,54,0
3,INTNODE2304,58,58,0
3,INTNODE2304,55,56,0
3,INTNODE2304,59,61,0
3,INTNODE2304,51,52,0
3,INTNODE2304,60,60,0
3,INTNODE2304,28,28,0
3,INTNODE2304,53,54,0
3,INTNODE2304,28,29,0
3,INTNODE2304,31,33,0
3,INTNODE2304,62,64,0
3,INTNODE2304,48,49,0
3,INTNODE2304,52,52,0
3,INTNODE2304,30,34,1
3,INTNODE2304,54,55,0
3,INTNODE2304,7,7,0
3,INTNODE2304,51,60,0
3,INTNODE2304,54,56,0
3,INTNODE2304,33,35,0
3,INTNODE2304,5,6,0
3,INTNODE2304,49,50,0
3,INTNODE2304,30,31,0
3,INTNODE2304,24,25,0
3,INTNODE2304,48,49,0
3,INTNODE2304,5,5,0
3,INTNODE2304,50,50,0
3,INTNODE2304,49,49,0
3,INTNODE2304,23,24,0
3,INTNODE2304,5,7,0
3,INTNODE2304,30,30,0
3,INTNODE2304,54,55,0
3,INTNODE2304,31,33,0
3,INTNODE2304,47,49,0
3,INTNODE2304,31,34,0
3,INTNODE2304,52,52,0
3,INTNODE2304,52,52,0
3,INTNODE2304,53,53,0
3,INTNODE2304,45,46,0
3,INTNODE2304,52,52,0
3,INTNODE2304,50,50,0
3,INTNODE2304,50,51,0
3,INTNODE2304,49,49,0
3,INTNODE2304,29,29,0
3,INTNODE2304,51,51,0
3,INTNODE2304,26,26,0
3,INTNODE2304,22,23,0
3,INTNODE2304,18,19,0
3,INTNODE2304,57,57,0
3,INTNODE2304,55,57,1
3,INTNODE2304,55,55,0
3,INTNODE2304,54,73,0
3,INTNODE2304,55,56,0
3,INTNODE2304,51,51,0
3,INTNODE2304,28,28,0
3,INTNODE2304,56,59,0
3,INTNODE2304,62,63,0
3,INTNODE2304,30,30,0
3,INTNODE2304,54,56,0
3,INTNODE2304,46,46,0
3,INTNODE2304,31,31,0
3,INTNODE2304,30,30,0
3,INTNODE2304,50,50,0
3,INTNODE2304,30,31,0
3,INTNODE2304,49,49,0
3,INTNODE2304,53,53,0
3,INTNODE2304,51,52,0
3,INTNODE2304,13,17,0
3,INTNODE2304,27,29,0
3,INTNODE2304,5,8,0
3,INTNODE2304,35,38,0
3,INTNODE2304,61,63,0
3,INTNODE2304,13,14,0
3,INTNODE2304,55,57,0
3,INTNODE2304,52,55,0
3,INTNODE2304,54,55,0
3,INTNODE2304,20,22,0
3,INTNODE2304,50,51,0
3,INTNODE2304,5,6,0
3,INTNODE2304,33,34,0
3,INTNODE2304,33,34,0
3,INTNODE2304,30,31,0
3,INTNODE2304,56,57,0
3,INTNODE2304,47,54,0
3,INTNODE2304,25,27,0
3,INTNODE2304,54,55,0
3,INTNODE2304,54,54,0
3,INTNODE2304,27,30,0
3,INTNODE2304,31,31,0
3,INTNODE2304,31,31,0
3,INTNODE2304,20,21,0
3,INTNODE2304,30,32,0
3,INTNODE2304,28,28,0
3,INTNODE2304,23,25,0
3,INTNODE2304,31,31,0
3,INTNODE2304,24,25,0
3,INTNODE2304,32,34,0
3,INTNODE2304,23,24,0
3,INTNODE2304,55,56,0
3,INTNODE2304,33,33,0
3,INTNODE2304,34,38,0
3,INTNODE2304,54,55,0
3,INTNODE2304,59,59,0
3,INTNODE2304,28,28,0
3,INTNODE2304,23,28,0
3,INTNODE2304,55,55,0
3,INTNODE2304,54,62,0
3,INTNODE2304,52,53,0
3,INTNODE2304,30,31,0
3,INTNODE2304,58,59,0
3,INTNODE2304,51,51,0
3,INTNODE2304,31,31,0
3,INTNODE2304,32,32,0
3,INTNODE2304,47,48,0
3,INTNODE2304,53,53,0
3,INTNODE2304,58,59,0
3,INTNODE2304,55,56,0
3,INTNODE2304,31,31,0
3,INTNODE2304,48,48,0
3,INTNODE2304,55,55,0
3,INTNODE2304,54,54,0
3,INTNODE2304,49,49,0
3,INTNODE2304,50,50,0
3,INTNODE2304,51,51,0
3,INTNODE2304,28,28,0
3,INTNODE2304,51,51,0
3,INTNODE2304,30,32,0
3,INTNODE2304,54,75,0
3,INTNODE2304,51,51,0
3,INTNODE2304,52,53,0
3,INTNODE2304,54,55,0
3,INTNODE2304,58,58,0
3,INTNODE2304,30,31,0
3,INTNODE2304,3,5,0
3,INTNODE2304,55,56,0
3,INTNODE2304,23,24,0
3,INTNODE2304,54,55,0
3,INTNODE2304,49,51,0
3,INTNODE2304,33,33,0
3,INTNODE2304,29,31,0
3,INTNODE2304,52,52,0
3,INTNODE2304,12,13,0
3,INTNODE2304,60,62,0
3,INTNODE2304,51,52,0
3,INTNODE2304,11,15,0
3,INTNODE2304,19,21,0
3,INTNODE2304,51,51,0
3,INTNODE2304,28,28,0
3,INTNODE2304,51,51,0
3,INTNODE2304,31,33,1
3,INTNODE2304,53,55,0
3,INTNODE2304,51,52,0
3,INTNODE2304,55,57,0
3,INTNODE2304,47,47,0
3,INTNODE2304,27,29,0
3,INTNODE2304,52,54,0
3,INTNODE2304,5,6,0
3,INTNODE2304,48,48,0
3,INTNODE2304,30,30,0
3,INTNODE2304,31,32,0
3,INTNODE2304,50,51,0
3,INTNODE2304,48,50,0
3,INTNODE2304,53,53,0
3,INTNODE2304,58,58,0
3,INTNODE2304,50,51,0
3,INTNODE2304,50,50,0
3,INTNODE2304,30,34,0
3,INTNODE2304,31,32,0
3,INTNODE2304,5,5,0
3,INTNODE2304,30,31,0
3,INTNODE2304,30,30,0
3,INTNODE2304,53,54,0
3,INTNODE2304,52,53,0
3,INTNODE2304,18,18,0
3,INTNODE2304,5,6,0
3,INTNODE2304,35,36,0
3,INTNODE2304,5,5,0
3,INTNODE2304,28,28,0
3,INTNODE2304,33,34,0
3,INTNODE2304,51,53,0
3,INTNODE2304,28,29,0
3,INTNODE2304,6,9,0
3,INTNODE2304,18,19,0
3,INTNODE2304,54,54,0
3,INTNODE2304,5,5,0
3,INTNODE2304,1,5,0
3,INTNODE2304,29,30,0
3,INTNODE2304,49,49,0
3,INTNODE2304,42,46,0
3,INTNODE2304,51,51,0
3,INTNODE2304,56,56,0
3,INTNODE2304,22,22,0
3,INTNODE2304,18,21,0
3,INTNODE2304,58,69,0
3,INTNODE2304,48,49,0
3,INTNODE2304,28,29,0
3,INTNODE2304,20,23,0
3,INTNODE2304,54,54,0
3,INTNODE2304,54,56,0
3,INTNODE2304,57,60,0
3,INTNODE2304,51,51,0
3,INTNODE2304,54,57,0
3,INTNODE2304,28,28,0
3,INTNODE2304,27,31,0
3,INTNODE2304,48,49,0
3,INTNODE2304,57,59,0
3,INTNODE2304,49,51,0
3,INTNODE2304,48,48,0
3,INTNODE2304,31,31,0
3,INTNODE2304,54,55,0
3,INTNODE2304,27,28,0
3,INTNODE2304,27,27,0
3,INTNODE2304,31,33,0
3,INTNODE2304,62,62,0
3,INTNODE2304,29,29,0
3,INTNODE2304,29,30,0
3,INTNODE2304,54,55,0
3,INTNODE2304,58,58,0
3,INTNODE2304,57,58,0
3,INTNODE2304,12,20,0
3,INTNODE2304,49,49,0
3,INTNODE2304,29,30,1
3,INTNODE2304,19,20,0
3,INTNODE2304,54,58,0
3,INTNODE2304,54,54,0
3,INTNODE2304,29,30,0
3,INTNODE2304,31,32,1
3,INTNODE2304,5,5,0
3,INTNODE2304,50,53,0
3,INTNODE2304,28,30,0
3,INTNODE2304,31,31,0
3,INTNODE2304,11,12,0
3,INTNODE2304,53,55,0
3,INTNODE2304,49,51,0
3,INTNODE2304,28,29,0
3,INTNODE2304,49,49,0
3,INTNODE2304,28,28,0
3,INTNODE2304,29,35,0
3,INTNODE2304,5,6,0
3,INTNODE2304,31,31,0
3,INTNODE2304,52,57,0
3,INTNODE2304,51,52,0
3,INTNODE2304,31,33,0
3,INTNODE2304,34,35,0
3,INTNODE2304,55,56,0
3,INTNODE2304,31,31,0
3,INTNODE2304,5,5,0
3,INTNODE2304,53,54,0
3,INTNODE2304,50,51,0
3,INTNODE2304,53,55,0
3,INTNODE2304,49,51,0
3,INTNODE2304,53,53,0
3,INTNODE2304,12,12,0
3,INTNODE2304,58,58,0
3,INTNODE2304,30,32,0
3,INTNODE2304,51,51,0
3,INTNODE2304,54,55,0
3,INTNODE2304,49,49,0
3,INTNODE2304,13,14,0
3,INTNODE2304,5,5,0
3,INTNODE2304,50,51,0
3,INTNODE2304,34,35,0
3,INTNODE2304,22,25,0
3,INTNODE2304,56,56,0
3,INTNODE2304,49,49,0
3,INTNODE2304,55,59,0
3,INTNODE2304,51,51,0
3,INTNODE2304,6,7,0
3,INTNODE2304,34,34,0
3,INTNODE2304,31,31,0
3,INTNODE2304,12,14,0
3,INTNODE2304,49,53,0
3,INTNODE2304,34,36,0
3,INTNODE2304,47,47,0
3,INTNODE2304,52,55,0
3,INTNODE2304,55,55,0
3,INTNODE2304,27,30,0
3,INTNODE2304,55,55,0
3,INTNODE2304,13,15,0
3,INTNODE2304,31,32,0
3,INTNODE2304,57,57,0
3,INTNODE2304,31,31,0
3,INTNODE2304,53,53,0
3,INTNODE2304,49,49,0
3,INTNODE2304,54,57,0
3,INTNODE2304,54,54,0
3,INTNODE2304,5,7,0
3,INTNODE2304,48,55,0
3,INTNODE2304,55,55,0
3,INTNODE2304,59,62,0
3,INTNODE2304,24,28,0
3,INTNODE2304,6,12,0
3,INTNODE2304,29,30,0
3,INTNODE2304,49,54,0
3,INTNODE2304,28,28,0
3,INTNODE2304,28,29,0
3,INTNODE2304,54,54,0
3,INTNODE2304,29,32,0
3,INTNODE2304,46,46,0
3,INTNODE2304,49,51,0
3,INTNODE2304,56,58,0
3,INTNODE2304,11,11,0
3,INTNODE2304,51,53,0
3,INTNODE2304,53,53,0
3,INTNODE2304,22,23,0
3,INTNODE2304,53,53,0
3,INTNODE2304,23,23,0
3,INTNODE2304,54,55,0
3,INTNODE2304,51,51,0
3,INTNODE2304,28,29,0
3,INTNODE2304,24,25,0
3,INTNODE2304,28,29,0
3,INTNODE2304,57,58,0
3,INTNODE2304,54,62,0
3,INTNODE2304,33,33,0
3,INTNODE2304,55,60,0
3,INTNODE2304,20,21,0
3,INTNODE2304,53,55,0
3,INTNODE2304,54,56,0
3,INTNODE2304,46,46,0
3,INTNODE2304,54,54,0
3,INTNODE2304,49,50,0
3,INTNODE2304,53,54,0
3,INTNODE2304,49,49,0
3,INTNODE2304,48,49,0
3,INTNODE2304,55,55,0
3,INTNODE2304,30,31,0
3,INTNODE2304,30,30,0
3,INTNODE2304,64,68,0
3,INTNODE2304,30,32,0
3,INTNODE2304,23,26,0
3,INTNODE2304,13,14,0
3,INTNODE2304,51,52,0
3,INTNODE2304,56,56,0
3,INTNODE2304,51,53,0
3,INTNODE2304,54,54,0
3,INTNODE2304,21,22,0
3,INTNODE2304,51,53,0
3,INTNODE2304,29,30,0
3,INTNODE2304,54,54,0
3,INTNODE2304,50,54,0
3,INTNODE2304,63,64,0
3,INTNODE2304,54,54,0
3,INTNODE2304,53,56,0
3,INTNODE2304,28,28,0
3,INTNODE2304,12,13,0
3,INTNODE2304,1,3,0
3,INTNODE2304,54,54,0
3,INTNODE2304,28,29,0
3,INTNODE2304,23,29,0
3,INTNODE2304,46,47,0
3,INTNODE2304,27,27,0
3,INTNODE2304,58,61,0
3,INTNODE2304,50,52,0
3,INTNODE2304,30,32,0
3,INTNODE2304,56,56,0
3,INTNODE2304,48,50,0
3,INTNODE2304,52,55,0
3,INTNODE2304,60,63,0
3,INTNODE2304,53,53,0
3,INTNODE2304,50,50,0
3,INTNODE2304,51,51,0
3,INTNODE2304,49,49,0
3,INTNODE2304,51,51,0
3,INTNODE2304,38,41,0
3,INTNODE2304,49,51,0
3,INTNODE2304,29,29,0
3,INTNODE2304,30,30,0
3,INTNODE2304,47,49,0
3,INTNODE2304,23,23,0
3,INTNODE2304,56,58,0
3,INTNODE2304,31,31,0
3,INTNODE2304,49,49,0
3,INTNODE2304,65,67,0
3,INTNODE2304,30,30,0
3,INTNODE2304,53,54,0
3,INTNODE2304,34,34,0
3,INTNODE2304,14,15,0
3,INTNODE2304,34,34,0
3,INTNODE2304,32,33,0
3,INTNODE2304,7,7,0
3,INTNODE2304,57,57,0
3,INTNODE2304,53,53,0
3,INTNODE2304,5,6,0
3,INTNODE2304,52,56,0
3,INTNODE2304,23,26,0
3,INTNODE2304,49,50,0
3,INTNODE2304,51,53,0
3,INTNODE2304,29,30,0
3,INTNODE2304,29,29,0
3,INTNODE2304,53,53,0
3,INTNODE2304,56,56,0
3,INTNODE2304,55,57,0
3,INTNODE2304,52,54,0
3,INTNODE2304,6,12,0
3,INTNODE2304,54,54,0
3,INTNODE2304,49,51,0
3,INTNODE2304,28,30,0
3,INTNODE2304,23,27,0
3,INTNODE2304,52,53,0
3,INTNODE2304,59,59,0
3,INTNODE2304,54,54,0
3,INTNODE2304,47,49,0
3,INTNODE2304,12,13,0
3,INTNODE2304,12,16,0
3,INTNODE2304,50,50,0
3,INTNODE2304,49,49,0
3,INTNODE2304,51,53,0
3,INTNODE2304,34,36,0
3,INTNODE2304,22,23,0
3,INTNODE2304,31,33,0
3,INTNODE2304,28,29,0
3,INTNODE2304,49,50,0
3,INTNODE2304,6,7,0
3,INTNODE2304,56,58,0
3,INTNODE2304,34,36,1
3,INTNODE2304,50,52,0
3,INTNODE2304,1,9,0
3,INTNODE2304,27,27,0
3,INTNODE2304,29,36,0
3,INTNODE2304,21,21,0
3,INTNODE2304,62,62,0
3,INTNODE2304,54,56,0
3,INTNODE2304,27,28,0
3,INTNODE2304,28,28,0
3,INTNODE2304,30,35,0
3,INTNODE2304,31,32,0
3,INTNODE2304,59,61,0
3,INTNODE2304,46,46,0
3,INTNODE2304,28,28,0
3,INTNODE2304,24,24,0
3,INTNODE2304,29,30,0
3,INTNODE2304,49,50,0
3,INTNODE2304,21,23,0
3,INTNODE2304,63,65,0
3,INTNODE2304,5,10,0
3,INTNODE2304,28,29,0
3,INTNODE2304,27,31,0
3,INTNODE2304,36,36,0
3,INTNODE2304,53,55,0
3,INTNODE2304,54,55,0
3,INTNODE2304,50,54,0
3,INTNODE2304,31,32,0
3,INTNODE2304,30,30,0
3,INTNODE2304,31,31,0
3,INTNODE2304,54,54,0
3,INTNODE2304,28,29,0
3,INTNODE2304,5,5,0
3,INTNODE2304,54,55,0
3,INTNODE2304,6,6,0
3,INTNODE2304,57,57,0
3,INTNODE2304,18,21,0
3,INTNODE2304,34,34,0
3,INTNODE2304,28,28,0
3,INTNODE2304,49,51,0
3,INTNODE2304,47,47,0
3,INTNODE2304,55,58,0
3,INTNODE2304,57,59,0
3,INTNODE2304,49,54,0
3,INTNODE2304,53,54,0
3,INTNODE2304,21,30,0
3,INTNODE2304,55,57,0
3,INTNODE2304,29,31,0
3,INTNODE2304,29,33,0
3,INTNODE2304,1,1,0
3,INTNODE2304,52,52,0
3,INTNODE2304,31,33,0
3,INTNODE2304,46,47,0
3,INTNODE2304,27,29,0
3,INTNODE2304,28,29,0
3,INTNODE2304,54,54,0
3,INTNODE2304,5,5,0
3,INTNODE2304,52,57,0
3,INTNODE2304,56,57,0
3,INTNODE2304,54,58,0
3,INTNODE2304,58,58,0
3,INTNODE2304,24,25,0
3,INTNODE2304,29,29,0
3,INTNODE2304,57,58,0
3,INTNODE2304,68,70,0
3,INTNODE2304,46,46,0
3,INTNODE2304,61,63,0
3,INTNODE2304,27,27,0
3,INTNODE2304,30,30,0
3,INTNODE2304,51,52,0
3,INTNODE2304,51,51,0
3,INTNODE2304,54,54,0
3,INTNODE2304,28,30,0
3,INTNODE2304,54,58,0
3,INTNODE2304,54,59,0
3,INTNODE2304,52,55,0
3,INTNODE2304,57,57,0
3,INTNODE2304,19,19,0
3,INTNODE2304,53,55,0
3,INTNODE2304,51,54,0
3,INTNODE2304,57,59,0
3,INTNODE2304,49,49,0
3,INTNODE2304,5,6,0
3,INTNODE2304,38,39,0
3,INTNODE2304,53,55,0
3,INTNODE2304,33,33,0
3,INTNODE2304,31,33,0
3,INTNODE2304,27,30,0
3,INTNODE2304,51,51,0
3,INTNODE2304,53,55,0
3,INTNODE2304,29,31,0
3,INTNODE2304,47,51,0
3,INTNODE2304,12,13,0
3,INTNODE2304,48,48,0
3,INTNODE2304,52,53,0
3,INTNODE2304,48,49,0
3,INTNODE2304,65,68,0
3,INTNODE2304,53,54,0
3,INTNODE2304,51,53,0
3,INTNODE2304,28,28,0
3,INTNODE2304,54,55,0
3,INTNODE2304,55,55,0
3,INTNODE2304,52,54,0
3,INTNODE2304,47,47,0
3,INTNODE2304,64,65,0
3,INTNODE2304,32,32,0
3,INTNODE2304,56,57,0
3,INTNODE2304,30,30,0
3,INTNODE2304,56,58,0
3,INTNODE2304,21,22,0
3,INTNODE2304,54,54,0
3,INTNODE2304,7,7,0
3,INTNODE2304,5,5,0
3,INTNODE2304,33,36,0
3,INTNODE2304,31,32,0
3,INTNODE2304,56,56,0
3,INTNODE2304,59,59,0
3,INTNODE2304,54,54,0
3,INTNODE2304,55,55,0
3,INTNODE2304,32,33,0
3,INTNODE2304,47,48,1
3,INTNODE2304,54,54,0
3,INTNODE2304,49,50,0
3,INTNODE2304,46,47,1
3,INTNODE2304,54,54,0
3,INTNODE2304,5,5,0
3,INTNODE2304,51,58,0
3,INTNODE2304,59,61,0
3,INTNODE2304,51,55,0
3,INTNODE2304,50,60,0
3,INTNODE2304,31,33,0
3,INTNODE2304,30,30,0
3,INTNODE2304,31,34,0
3,INTNODE2304,49,49,0
3,INTNODE2304,28,28,0
3,INTNODE2304,55,55,0
3,INTNODE2304,54,55,0
3,INTNODE2304,55,55,0
3,INTNODE2304,5,5,0
3,INTNODE2304,53,53,0
3,INTNODE2304,30,31,0
3,INTNODE2304,51,53,0
3,INTNODE2304,48,48,0
3,INTNODE2304,47,48,0
3,INTNODE2304,31,31,0
3,INTNODE2304,32,33,0
3,INTNODE2304,51,52,0
3,INTNODE2304,55,57,0
3,INTNODE2304,54,55,0
3,INTNODE2304,54,57,0
3,INTNODE2304,28,29,0
3,INTNODE2304,57,59,0
3,INTNODE2304,54,56,0
3,INTNODE2304,28,29,0
3,INTNODE2304,6,7,0
3,INTNODE2304,24,28,0
3,INTNODE2304,55,55,0
3,INTNODE2304,30,31,0
3,INTNODE2304,46,47,0
3,INTNODE2304,49,52,0
3,INTNODE2304,48,54,0
3,INTNODE2304,52,53,0
3,INTNODE2304,6,7,0
3,INTNODE2304,64,64,0
3,INTNODE2304,23,24,0
3,INTNODE2304,48,48,0
3,INTNODE2304,30,30,0
3,INTNODE2304,55,55,0
3,INTNODE2304,29,32,0
3,INTNODE2304,53,53,0
3,INTNODE2304,55,55,0
3,INTNODE2304,49,51,0
3,INTNODE2304,49,59,0
3,INTNODE2304,14,14,0
3,INTNODE2304,47,47,0
3,INTNODE2304,49,49,0
3,INTNODE2304,56,56,0
3,INTNODE2304,31,32,0
3,INTNODE2304,33,34,0
3,INTNODE2304,19,21,0
3,INTNODE2304,34,34,0
3,INTNODE2304,27,27,0
3,INTNODE2304,27,32,0
3,INTNODE2304,49,49,0
3,INTNODE2304,48,48,0
3,INTNODE2304,49,51,0
3,INTNODE2304,48,49,0
3,INTNODE2304,18,21,0
3,INTNODE2304,30,35,0
3,INTNODE2304,54,54,0
3,INTNODE2304,56,57,0
3,INTNODE2304,29,30,0
3,INTNODE2304,54,54,0
3,INTNODE2304,56,57,0
3,INTNODE2304,56,56,0
3,INTNODE2304,52,52,0
3,INTNODE2304,54,54,0
3,INTNODE2304,53,55,0
3,INTNODE2304,21,22,0
3,INTNODE2304,55,55,0
3,INTNODE2304,54,57,0
3,INTNODE2304,6,6,0
3,INTNODE2304,12,13,0
3,INTNODE2304,50,50,0
3,INTNODE2304,31,31,0
3,INTNODE2304,28,29,0
3,INTNODE2304,54,54,0
3,INTNODE2304,51,55,1
3,INTNODE2304,29,30,0
3,INTNODE2304,5,6,0
3,INTNODE2304,31,33,0
3,INTNODE2304,31,31,0
3,INTNODE2304,57,59,0
3,INTNODE2304,52,56,0
3,INTNODE2304,49,51,0
3,INTNODE2304,20,26,0
3,INTNODE2304,31,31,0
3,INTNODE2304,34,34,0
3,INTNODE2304,29,31,0
3,INTNODE2304,59,65,0
3,INTNODE2304,29,29,0
3,INTNODE2304,31,32,0
3,INTNODE2304,52,52,0
3,INTNODE2304,53,53,0
3,INTNODE2304,31,31,0
3,INTNODE2304,51,53,0
3,INTNODE2304,30,30,0
3,INTNODE2304,57,58,0
3,INTNODE2304,28,29,0
3,INTNODE2304,49,50,0
3,INTNODE2304,54,56,0
3,INTNODE2304,12,12,0
3,INTNODE2304,58,59,0
3,INTNODE2304,48,49,0
3,INTNODE2304,34,35,0
3,INTNODE2304,28,28,0
3,INTNODE2304,51,54,0
3,INTNODE2304,20,20,0
3,INTNODE2304,56,57,0
3,INTNODE2304,59,61,0
3,INTNODE2304,52,52,0
3,INTNODE2304,29,30,0
3,INTNODE2304,30,31,0
3,INTNODE2304,57,60,0
3,INTNODE2304,55,57,0
3,INTNODE2304,64,65,0
3,INTNODE2304,51,52,0
3,INTNODE2304,56,57,0
3,INTNODE2304,49,49,0
3,INTNODE2304,47,49,0
3,INTNODE2304,18,18,0
3,INTNODE2304,34,35,0
3,INTNODE2304,28,29,0
3,INTNODE2304,50,53,0
3,INTNODE2304,54,54,0
3,INTNODE2304,56,56,0
3,INTNODE2304,52,56,0
3,INTNODE2304,49,51,0
3,INTNODE2304,27,27,0
3,INTNODE2304,50,51,0
3,INTNODE2304,29,29,0
3,INTNODE2304,5,5,0
3,INTNODE2304,13,18,0
3,INTNODE2304,5,6,0
3,INTNODE2304,28,29,0
3,INTNODE2304,31,32,0
3,INTNODE2304,31,32,0
3,INTNODE2304,51,51,0
3,INTNODE2304,53,53,0
3,INTNODE2304,54,54,0
3,INTNODE2304,28,30,0
3,INTNODE2304,50,50,0
3,INTNODE2304,23,24,0
3,INTNODE2304,57,58,0
3,INTNODE2304,55,62,0
3,INTNODE2304,28,28,0
3,INTNODE2304,53,53,0
3,INTNODE2304,51,57,0
3,INTNODE2304,54,54,0
3,INTNODE2304,34,35,0
3,INTNODE2304,49,49,0
3,INTNODE2304,55,58,0
3,INTNODE2304,15,15,0
3,INTNODE2304,54,54,0
3,INTNODE2304,11,11,0
3,INTNODE2304,50,52,0
3,INTNODE2304,51,53,0
3,INTNODE2304,55,56,0
3,INTNODE2304,31,32,0
3,INTNODE2304,55,57,0
3,INTNODE2304,54,75,0
3,INTNODE2304,48,48,0
3,INTNODE2304,12,13,0
3,INTNODE2304,60,61,0
3,INTNODE2304,55,55,0
3,INTNODE2304,55,59,0
3,INTNODE2304,27,28,0
3,INTNODE2304,50,50,0
3,INTNODE2304,30,31,0
3,INTNODE2304,51,51,0
3,INTNODE2304,49,49,0
3,INTNODE2304,50,50,0
3,INTNODE2304,54,55,0
3,INTNODE2304,31,31,0
3,INTNODE2304,50,52,0
3,INTNODE2304,46,47,0
3,INTNODE2304,54,56,0
3,INTNODE2304,30,32,0
3,INTNODE2304,50,52,0
3,INTNODE2304,52,56,0
3,INTNODE2304,41,48,0
3,INTNODE2304,28,28,0
3,INTNODE2304,50,51,0
3,INTNODE2304,22,22,0
3,INTNODE2304,42,45,0
3,INTNODE2304,53,55,0
3,INTNODE2304,52,53,0
3,INTNODE2304,55,56,0
3,INTNODE2304,51,56,0
3,INTNODE2304,51,51,0
3,INTNODE2304,31,31,0
3,INTNODE2304,34,34,0
3,INTNODE2304,51,58,0
3,INTNODE2304,31,31,0
3,INTNODE2304,53,53,0
3,INTNODE2304,27,28,0
3,INTNODE2304,54,54,0
3,INTNODE2304,49,49,0
3,INTNODE2304,54,55,0
3,INTNODE2304,62,62,0
3,INTNODE2304,49,49,0
3,INTNODE2304,59,60,0
3,INTNODE2304,60,60,0
3,INTNODE2304,30,30,0
3,INTNODE2304,14,15,0
3,INTNODE2304,12,12,0
3,INTNODE2304,48,50,0
3,INTNODE2304,54,54,0
3,INTNODE2304,34,34,0
3,INTNODE2304,56,58,0
3,INTNODE2304,13,15,0
3,INTNODE2304,54,55,0
3,INTNODE2304,53,53,0
3,INTNODE2304,31,33,0
3,INTNODE2304,50,50,0
3,INTNODE2304,54,55,0
3,INTNODE2304,31,31,0
3,INTNODE2304,36,37,0
3,INTNODE2304,57,62,0
3,INTNODE2304,55,55,0
3,INTNODE2304,28,28,0
3,INTNODE2304,56,56,0
3,INTNODE2304,55,57,0
3,INTNODE2304,57,57,0
3,INTNODE2304,56,57,0
3,INTNODE2304,58,59,0
3,INTNODE2304,51,52,0
3,INTNODE2304,28,28,0
3,INTNODE2304,56,56,0
3,INTNODE2304,28,28,0
3,INTNODE2304,52,55,0
3,INTNODE2304,57,58,0
3,INTNODE2304,54,54,0
3,INTNODE2304,21,23,0
3,INTNODE2304,56,59,0
3,INTNODE2304,54,55,0
3,INTNODE2304,55,56,0
3,INTNODE2304,61,61,0
3,INTNODE2304,49,49,0
3,INTNODE2304,49,49,0
3,INTNODE2304,51,51,0
3,INTNODE2304,50,52,0
3,INTNODE2304,35,35,0
3,INTNODE2304,53,57,0
3,INTNODE2304,31,32,0
3,INTNODE2304,54,55,0
3,INTNODE2304,49,50,0
3,INTNODE2304,60,60,0
3,INTNODE2304,32,33,0
3,INTNODE2304,52,54,0
3,INTNODE2304,50,50,0
3,INTNODE2304,50,50,0
3,INTNODE2304,57,57,0
3,INTNODE2304,30,32,0
3,INTNODE2304,59,62,0
3,INTNODE2304,30,31,0
3,INTNODE2304,64,68,0
3,INTNODE2304,22,26,0
3,INTNODE2304,24,24,0
3,INTNODE2304,29,29,0
3,INTNODE2304,31,33,0
3,INTNODE2304,49,49,0
3,INTNODE2304,29,29,0
3,INTNODE2304,60,60,0
3,INTNODE2304,61,61,0
3,INTNODE2304,52,52,0
3,INTNODE2304,53,53,0
3,INTNODE2304,27,27,0
3,INTNODE2304,7,8,0
3,INTNODE2304,31,32,0
3,INTNODE2304,50,50,0
3,INTNODE2304,55,55,0
3,INTNODE2304,51,52,0
3,INTNODE2304,49,49,0
3,INTNODE2304,28,29,0
3,INTNODE2304,49,49,0
3,INTNODE2304,51,55,0
3,INTNODE2304,54,58,0
3,INTNODE2304,27,27,0
3,INTNODE2304,61,61,0
3,INTNODE2304,55,55,0
3,INTNODE2304,54,55,0
3,INTNODE2304,54,54,0
3,INTNODE2304,58,58,0
3,INTNODE2304,59,60,0
3,INTNODE2304,55,55,0
3,INTNODE2304,50,50,0
3,INTNODE2304,64,66,0
3,INTNODE2304,20,21,0
3,INTNODE2304,6,6,0
3,INTNODE2304,5,5,0
3,INTNODE2304,54,55,0
3,INTNODE2304,51,52,0
3,INTNODE2304,30,31,0
3,INTNODE2304,30,30,0
3,INTNODE2304,57,57,0
3,INTNODE2304,12,12,0
3,INTNODE2304,35,38,0
3,INTNODE2304,48,48,0
3,INTNODE2304,52,53,0
3,INTNODE2304,28,28,0
3,INTNODE2304,51,51,0
3,INTNODE2304,30,33,0
3,INTNODE2304,53,53,0
3,INTNODE2304,49,49,0
3,INTNODE2304,57,58,0
3,INTNODE2304,12,12,0
3,INTNODE2304,22,24,0
3,INTNODE2304,29,29,0
3,INTNODE2304,53,53,0
3,INTNODE2304,52,54,0
3,INTNODE2304,49,49,0
3,INTNODE2304,31,31,0
3,INTNODE2304,24,27,0
3,INTNODE2304,0,1,0
3,INTNODE2304,54,56,0
3,INTNODE2304,51,55,0
3,INTNODE2304,41,42,0
3,INTNODE2304,50,51,0
3,INTNODE2304,48,50,0
3,INTNODE2304,56,57,0
3,INTNODE2304,57,57,0
3,INTNODE2304,28,28,0
3,INTNODE2304,50,51,0
3,INTNODE2304,7,8,0
3,INTNODE2304,52,55,0
3,INTNODE2304,22,22,0
3,INTNODE2304,59,63,0
3,INTNODE2304,58,58,0
3,INTNODE2304,29,29,0
3,INTNODE2304,54,54,0
3,INTNODE2304,54,55,0
3,INTNODE2304,10,11,0
3,INTNODE2304,29,31,0
3,INTNODE2304,57,57,0
3,INTNODE2304,28,29,0
3,INTNODE2304,23,23,0
3,INTNODE2304,52,54,0
3,INTNODE2304,50,52,0
3,INTNODE2304,55,55,0
3,INTNODE2304,24,28,0
3,INTNODE2304,48,49,0
3,INTNODE2304,20,23,0
3,INTNODE2304,20,20,0
3,INTNODE2304,31,33,0
3,INTNODE2304,49,51,0
3,INTNODE2304,31,32,0
3,INTNODE2304,27,27,0
3,INTNODE2304,55,58,0
3,INTNODE2304,51,54,0
3,INTNODE2304,55,55,0
3,INTNODE2304,47,52,0
3,INTNODE2304,13,14,0
3,INTNODE2304,49,50,0
3,INTNODE2304,19,21,0
3,INTNODE2304,49,51,0
3,INTNODE2304,50,51,0
3,INTNODE2304,28,30,1
3,INTNODE2304,6,7,0
3,INTNODE2304,50,51,0
3,INTNODE2304,49,49,0
3,INTNODE2304,46,54,0
3,INTNODE2304,50,50,0
3,INTNODE2304,59,59,0
3,INTNODE2304,58,59,0
3,INTNODE2304,30,31,0
3,INTNODE2304,22,22,0
3,INTNODE2304,55,55,0
3,INTNODE2304,49,49,0
3,INTNODE2304,22,25,0
3,INTNODE2304,54,54,0
3,INTNODE2304,30,30,0
3,INTNODE2304,47,49,0
3,INTNODE2304,59,59,0
3,INTNODE2304,53,53,0
3,INTNODE2304,30,32,0
3,INTNODE2304,54,54,0
3,INTNODE2304,30,32,1
3,INTNODE2304,34,34,0
3,INTNODE2304,30,30,0
3,INTNODE2304,6,6,0
3,INTNODE2304,49,50,0
3,INTNODE2304,30,32,0
3,INTNODE2304,31,34,0
3,INTNODE2304,55,55,0
3,INTNODE2304,58,59,0
3,INTNODE2304,48,48,0
3,INTNODE2304,55,55,0
3,INTNODE2304,24,25,0
3,INTNODE2304,50,50,0
3,INTNODE2304,49,53,0
3,INTNODE2304,34,36,0
3,INTNODE2304,51,52,0
3,INTNODE2304,49,49,0
3,INTNODE2304,54,54,0
3,INTNODE2304,49,49,0
3,INTNODE2304,54,55,0
3,INTNODE2304,38,40,0
3,INTNODE2304,31,31,0
3,INTNODE2304,49,49,0
3,INTNODE2304,53,54,0
3,INTNODE2304,49,50,0
3,INTNODE2304,62,63,0
3,INTNODE2304,28,29,0
3,INTNODE2304,5,5,0
3,INTNODE2304,50,51,0
3,INTNODE2304,31,31,0
3,INTNODE2304,51,52,0
3,INTNODE2304,48,48,0
3,INTNODE2304,52,54,0
3,INTNODE2304,33,33,0
3,INTNODE2304,7,8,0
3,INTNODE2304,47,51,0
3,INTNODE2304,49,49,0
3,INTNODE2304,50,51,0
3,INTNODE2304,48,49,0
3,INTNODE2304,51,51,0
3,INTNODE2304,58,58,0
3,INTNODE2304,55,55,0
3,INTNODE2304,54,54,0
3,INTNODE2304,31,33,0
3,INTNODE2304,15,15,0
3,INTNODE2304,22,24,0
3,INTNODE2304,24,30,0
3,INTNODE2304,21,22,0
3,INTNODE2304,19,20,0
3,INTNODE2304,57,58,0
3,INTNODE2304,27,28,0
3,INTNODE2304,6,6,0
3,INTNODE2304,54,56,0
3,INTNODE2304,31,33,0
3,INTNODE2304,50,50,0
3,INTNODE2304,55,55,0
3,INTNODE2304,49,49,0
3,INTNODE2304,32,33,0
3,INTNODE2304,48,50,0
3,INTNODE2304,12,12,0
3,INTNODE2304,63,71,0
3,INTNODE2304,58,58,0
3,INTNODE2304,30,30,0
3,INTNODE2304,39,44,0
3,INTNODE2304,28,30,0
3,INTNODE2304,30,33,0
3,INTNODE2304,55,55,0
3,INTNODE2304,53,53,0
3,INTNODE2304,31,31,0
3,INTNODE2304,46,46,0
3,INTNODE2304,49,51,0
3,INTNODE2304,52,55,0
3,INTNODE2304,28,28,0
3,INTNODE2304,56,57,0
3,INTNODE2304,49,49,0
3,INTNODE2304,28,30,0
3,INTNODE2304,62,65,0
3,INTNODE2304,47,47,0
3,INTNODE2304,61,61,0
3,INTNODE2304,57,57,0
3,INTNODE2304,23,25,0
3,INTNODE2304,29,30,0
3,INTNODE2304,30,39,0
3,INTNODE2304,24,24,0
3,INTNODE2304,55,55,0
3,INTNODE2304,54,54,0
3,INTNODE2304,33,34,0
3,INTNODE2304,55,56,0
3,INTNODE2304,54,54,0
3,INTNODE2304,22,23,0
3,INTNODE2304,52,53,0
3,INTNODE2304,54,54,0
3,INTNODE2304,47,48,0
3,INTNODE2304,64,64,0
3,INTNODE2304,55,55,0
3,INTNODE2304,31,31,0
3,INTNODE2304,28,29,0
3,INTNODE2304,10,10,0
3,INTNODE2304,21,21,0
3,INTNODE2304,62,63,0
3,INTNODE2304,50,50,0
3,INTNODE2304,53,54,0
3,INTNODE2304,33,33,0
3,INTNODE2304,29,31,0
3,INTNODE2304,7,7,0
3,INTNODE2304,48,49,0
3,INTNODE2304,55,56,0
3,INTNODE2304,22,23,0
3,INTNODE2304,48,50,0
3,INTNODE2304,51,51,0
3,INTNODE2304,55,57,0
3,INTNODE2304,27,29,0
3,INTNODE2304,51,51,0
3,INTNODE2304,29,29,0
3,INTNODE2304,28,28,0
3,INTNODE2304,31,34,0
3,INTNODE2304,53,53,0
3,INTNODE2304,53,54,0
3,INTNODE2304,22,22,0
3,INTNODE2304,48,48,0
3,INTNODE2304,46,50,0
3,INTNODE2304,15,15,0
3,INTNODE2304,33,34,0
3,INTNODE2304,26,28,0
3,INTNODE2304,3,3,0
3,INTNODE2304,50,53,0
3,INTNODE2304,19,20,0
3,INTNODE2304,57,57,0
3,INTNODE2304,30,30,0
3,INTNODE2304,48,50,0
3,INTNODE2304,19,22,0
3,INTNODE2304,34,34,0
3,INTNODE2304,52,52,0
3,INTNODE2304,31,32,0
3,INTNODE2304,54,54,0
3,INTNODE2304,50,54,0
3,INTNODE2304,34,34,0
3,INTNODE2304,53,55,0
3,INTNODE2304,49,49,0
3,INTNODE2304,56,58,0
3,INTNODE2304,32,35,0
3,INTNODE2304,30,31,0
3,INTNODE2304,52,52,0
3,INTNODE2304,59,60,0
3,INTNODE2304,46,46,0
3,INTNODE2304,51,51,0
3,INTNODE2304,49,50,0
3,INTNODE2304,27,27,0
3,INTNODE2304,30,31,0
3,INTNODE2304,53,53,0
3,INTNODE2304,28,28,0
3,INTNODE2304,47,48,0
3,INTNODE2304,29,29,0
3,INTNODE2304,6,7,0
3,INTNODE2304,30,30,0
3,INTNODE2304,54,55,0
3,INTNODE2304,13,18,0
3,INTNODE2304,47,47,0
3,INTNODE2304,34,34,0
3,INTNODE2304,5,5,0
3,INTNODE2304,49,50,0
3,INTNODE2304,57,61,0
3,INTNODE2304,49,49,0
3,INTNODE2304,31,31,0
3,INTNODE2304,47,47,0
3,INTNODE2304,62,63,0
3,INTNODE2304,6,8,0
3,INTNODE2304,5,6,0
3,INTNODE2304,48,49,0
3,INTNODE2304,29,29,0
3,INTNODE2304,28,30,0
3,INTNODE2304,33,34,0
3,INTNODE2304,50,50,0
3,INTNODE2304,22,22,0
3,INTNODE2304,48,48,0
3,INTNODE2304,55,55,0
3,INTNODE2304,31,31,0
3,INTNODE2304,54,55,0
3,INTNODE2304,56,58,0
3,INTNODE2304,55,56,0
3,INTNODE2304,5,6,0
3,INTNODE2304,19,19,0
3,INTNODE2304,31,32,0
3,INTNODE2304,5,7,0
3,INTNODE2304,32,33,0
3,INTNODE2304,22,23,1
3,INTNODE2304,62,62,0
3,INTNODE2304,53,53,0
3,INTNODE2304,54,54,0
3,INTNODE2304,53,54,0
3,INTNODE2304,49,51,0
3,INTNODE2304,27,27,0
3,INTNODE2304,54,56,0
3,INTNODE2304,54,60,0
3,INTNODE2304,56,58,0
3,INTNODE2304,29,32,0
3,INTNODE2304,50,52,0
3,INTNODE2304,5,5,0
3,INTNODE2304,30,31,0
3,INTNODE2304,51,56,0
3,INTNODE2304,51,53,0
3,INTNODE2304,59,63,0
3,INTNODE2304,49,50,0
3,INTNODE2304,18,18,0
3,INTNODE2304,27,29,0
3,INTNODE2304,19,19,0
3,INTNODE2304,6,7,0
3,INTNODE2304,53,55,0
3,INTNODE2304,58,58,0
3,INTNODE2304,59,59,0
3,INTNODE2304,56,57,0
3,INTNODE2304,54,55,0
3,INTNODE2304,50,51,0
3,INTNODE2304,30,31,0
3,INTNODE2304,32,34,0
3,INTNODE2304,30,30,0
3,INTNODE2304,42,66,0
3,INTNODE2304,59,62,0
3,INTNODE2304,6,7,0
3,INTNODE2304,49,49,0
3,INTNODE2304,54,55,0
3,INTNODE2304,5,5,0
3,INTNODE2304,55,55,0
3,INTNODE2304,33,34,0
3,INTNODE2304,53,53,0
3,INTNODE2304,56,57,0
3,INTNODE2304,50,54,0
3,INTNODE2304,51,52,0
3,INTNODE2304,29,29,0
3,INTNODE2304,50,54,0
3,INTNODE2304,30,30,0
3,INTNODE2304,55,55,0
3,INTNODE2304,48,48,0
3,INTNODE2304,6,6,0
3,INTNODE2304,6,6,0
3,INTNODE2304,51,51,0
3,INTNODE2304,27,28,0
3,INTNODE2304,18,18,0
3,INTNODE2304,49,51,0
3,INTNODE2304,31,31,0
3,INTNODE2304,59,59,0
3,INTNODE2304,58,59,0
3,INTNODE2304,35,38,0
3,INTNODE2304,53,56,0
3,INTNODE2304,56,56,0
3,INTNODE2304,25,27,0
3,INTNODE2304,51,52,0
3,INTNODE2304,57,57,0
3,INTNODE2304,30,30,0
3,INTNODE2304,56,57,0
3,INTNODE2304,12,12,0
3,INTNODE2304,31,33,0
3,INTNODE2304,28,29,0
3,INTNODE2304,51,53,0
3,INTNODE2304,53,54,0
3,INTNODE2304,50,53,0
3,INTNODE2304,22,23,0
3,INTNODE2304,52,52,0
3,INTNODE2304,13,14,0
3,INTNODE2304,31,34,0
3,INTNODE2304,58,58,0
3,INTNODE2304,51,51,0
3,INTNODE2304,22,29,0
3,INTNODE2304,45,46,0
3,INTNODE2304,5,6,0
3,INTNODE2304,34,35,0
3,INTNODE2304,49,49,0
3,INTNODE2304,21,22,0
3,INTNODE2304,54,54,0
3,INTNODE2304,54,54,0
3,INTNODE2304,23,23,0
3,INTNODE2304,5,23,0
3,INTNODE2304,54,54,0
3,INTNODE2304,48,48,0
3,INTNODE2304,32,32,0
3,INTNODE2304,54,55,0
3,INTNODE2304,21,23,0
3,INTNODE2304,31,32,0
3,INTNODE2304,51,53,0
3,INTNODE2304,54,54,0
3,INTNODE2304,28,30,0
3,INTNODE2304,53,53,0
3,INTNODE2304,47,47,0
3,INTNODE2304,54,54,0
3,INTNODE2304,49,49,0
3,INTNODE2304,49,51,0
3,INTNODE2304,3,5,0
3,INTNODE2304,51,51,0
3,INTNODE2304,55,55,0
3,INTNODE2304,19,20,0
3,INTNODE2304,31,33,0
3,INTNODE2304,30,31,0
3,INTNODE2304,30,33,0
3,INTNODE2304,28,28,0
3,INTNODE2304,23,27,0
3,INTNODE2304,25,27,0
3,INTNODE2304,5,8,0
3,INTNODE2304,52,53,0
3,INTNODE2304,24,25,0
3,INTNODE2304,52,56,0
3,INTNODE2304,55,56,0
3,INTNODE2304,54,54,0
3,INTNODE2304,62,64,0
3,INTNODE2304,31,31,0
3,INTNODE2304,28,30,0
3,INTNODE2304,46,47,0
3,INTNODE2304,22,25,0
3,INTNODE2304,28,30,0
3,INTNODE2304,61,62,0
3,INTNODE2304,46,46,0
3,INTNODE2304,29,29,0
3,INTNODE2304,21,23,0
3,INTNODE2304,48,48,0
3,INTNODE2304,24,24,0
3,INTNODE2304,54,55,0
3,INTNODE2304,49,50,0
3,INTNODE2304,54,54,0
3,INTNODE2304,46,46,0
3,INTNODE2304,49,49,0
3,INTNODE2304,55,56,0
3,INTNODE2304,55,56,0
3,INTNODE2304,55,59,0
3,INTNODE2304,29,30,0
3,INTNODE2304,32,32,0
3,INTNODE2304,34,34,0
3,INTNODE2304,55,56,0
3,INTNODE2304,55,55,0
3,INTNODE2304,34,35,0
3,INTNODE2304,27,27,0
3,INTNODE2304,50,51,0
3,INTNODE2304,49,51,0
3,INTNODE2304,30,30,0
3,INTNODE2304,31,33,0
3,INTNODE2304,29,30,0
3,INTNODE2304,56,56,0
3,INTNODE2304,51,51,0
3,INTNODE2304,63,65,0
3,INTNODE2304,56,56,0
3,INTNODE2304,47,47,0
3,INTNODE2304,31,33,0
3,INTNODE2304,53,54,0
3,INTNODE2304,56,57,0
3,INTNODE2304,54,55,0
3,INTNODE2304,51,51,0
3,INTNODE2304,55,58,0
3,INTNODE2304,53,54,0
3,INTNODE2304,53,56,0
3,INTNODE2304,52,52,0
3,INTNODE2304,5,6,0
3,INTNODE2304,28,28,0
3,INTNODE2304,53,57,0
3,INTNODE2304,18,20,0
3,INTNODE2304,28,29,0
3,INTNODE2304,53,53,0
3,INTNODE2304,52,54,0
3,INTNODE1541,0,2,0
3,INTNODE1541,0,0,0
3,INTNODE1687,0,4,0
3,INTNODE1687,1,6,0
3,INTNODE1687,0,0,0
3,INTNODE1687,0,1,0
3,INTNODE1687,0,0,0
3,INTNODE1687,1,7,0
3,INTNODE1687,0,0,0
3,INTNODE1687,0,0,0
3,INTNODE1687,0,1,0
3,INTNODE1687,0,1,0
3,INTNODE1687,0,4,0
3,INTNODE1687,0,1,0
3,INTNODE1687,0,0,0
3,INTNODE1687,0,0,0
3,INTNODE1690,0,0,0
3,INTNODE1690,0,1,0
3,INTNODE1690,0,1,0
3,INTNODE1690,0,0,0
3,INTNODE1690,0,1,0
3,INTNODE1690,0,0,0
3,INTNODE1692,0,2,0
3,INTNODE1692,0,2,0
3,INTNODE1789,0,6,0
3,INTNODE1789,1,1,0
3,INTNODE1789,1,1,0
3,INTNODE1789,1,5,0
3,INTNODE1789,1,3,0
3,INTNODE1789,1,2,0
3,INTNODE1789,2,9,0
3,INTNODE1789,2,3,0
3,INTNODE1789,3,5,0
3,INTNODE1789,0,1,0
3,INTNODE1789,1,3,0
3,INTNODE1789,3,4,0
3,INTNODE1881,3,3,0
3,INTNODE1881,0,3,0
3,INTNODE1881,3,4,0
3,INTNODE1881,0,1,0
3,INTNODE2213,3,3,0
3,INTNODE2213,3,4,0
3,INTNODE2213,3,4,0
3,INTNODE2213,1,2,1
3,INTNODE2213,0,3,0
3,INTNODE2213,0,1,0
3,INTNODE2213,3,3,0
3,INTNODE2213,1,3,0
3,INTNODE2209,2,2,0
3,INTNODE2209,4,4,0
3,INTNODE2209,3,4,0
3,INTNODE2209,1,2,0
3,INTNODE2209,4,5,0
3,INTNODE2209,2,3,0
3,INTNODE2209,3,6,0
3,INTNODE2209,3,4,0
3,INTNODE2209,0,0,0
3,INTNODE2209,3,3,0
3,INTNODE2209,1,7,0
3,INTNODE2209,4,4,0
3,INTNODE2209,4,4,0
3,INTNODE2209,3,4,0
3,INTNODE2209,2,5,0
3,INTNODE2209,0,0,0
3,INTNODE2209,2,2,0
3,INTNODE2209,2,2,0
3,INTNODE2209,0,0,0
3,INTNODE2209,0,3,0
3,INTNODE2209,3,5,1
3,INTNODE2209,2,2,0
3,INTNODE2209,2,2,0
3,INTNODE2209,3,6,0
3,INTNODE2209,2,3,0
3,INTNODE2209,3,5,0
3,INTNODE2209,3,4,0
3,INTNODE2209,3,5,0
3,INTNODE2209,6,6,0
3,INTNODE2209,2,2,0
3,INTNODE2209,1,1,0
3,INTNODE2209,0,3,0
3,INTNODE2209,1,3,0
3,INTNODE2209,0,1,0
3,INTNODE2209,6,8,0
3,INTNODE2209,4,4,0
3,INTNODE2209,3,4,0
3,INTNODE2209,3,3,0
3,INTNODE2209,4,6,0
3,INTNODE2209,2,2,0
3,INTNODE2209,2,2,0
3,INTNODE2209,3,4,0
3,INTNODE2209,3,5,0
3,INTNODE2209,5,6,0
3,INTNODE2209,2,3,0
3,INTNODE2209,4,4,0
3,INTNODE2209,0,0,0
3,INTNODE2209,2,2,0
3,INTNODE2209,3,3,0
3,INTNODE2209,3,3,0
3,INTNODE2209,3,3,0
3,INTNODE2209,3,3,0
3,INTNODE2209,3,5,0
3,INTNODE2209,3,3,0
3,INTNODE2209,3,4,0
3,INTNODE2209,1,3,0
3,INTNODE2209,3,4,0
3,INTNODE2209,2,2,0
3,INTNODE2209,1,3,0
3,INTNODE2209,2,2,0
3,INTNODE2209,3,4,0
3,INTNODE2209,2,3,0
3,INTNODE2209,2,2,0
3,INTNODE2209,0,0,0
3,INTNODE2209,4,4,0
3,INTNODE2209,3,3,0
3,INTNODE2209,2,2,0
3,INTNODE2209,0,1,0
3,INTNODE2209,2,3,0
3,INTNODE2209,2,4,0
3,INTNODE2209,3,6,0
3,INTNODE2209,1,2,0
3,INTNODE2209,1,2,0
3,INTNODE2209,0,0,0
3,INTNODE2209,1,1,0
3,INTNODE2209,5,7,0
3,INTNODE2209,2,2,0
3,INTNODE2209,0,0,0
3,INTNODE2209,2,3,0
3,INTNODE2209,2,3,0
3,INTNODE2209,3,3,0
3,INTNODE2209,2,2,0
3,INTNODE2209,3,3,0
3,INTNODE2209,0,2,0
3,INTNODE2209,2,3,0
3,INTNODE2209,3,3,0
3,INTNODE2209,2,3,0
3,INTNODE2209,0,2,0
3,INTNODE2209,0,1,0
3,INTNODE2209,4,7,0
3,INTNODE2209,4,4,0
3,INTNODE2209,2,2,0
3,INTNODE2209,2,2,0
3,INTNODE2209,2,4,0
3,INTNODE2209,3,7,0
3,INTNODE2209,1,3,0
3,INTNODE2209,2,2,0
3,INTNODE2209,2,3,0
3,INTNODE2209,0,0,0
3,INTNODE2209,2,2,0
3,INTNODE2209,3,3,0
3,INTNODE2209,3,3,0
3,INTNODE2209,0,4,0
3,INTNODE2209,3,3,0
3,INTNODE2209,2,3,0
3,INTNODE2209,4,4,0
3,INTNODE2209,4,4,0
3,INTNODE2209,2,3,0
3,INTNODE2209,3,3,0
3,INTNODE2209,4,4,0
3,INTNODE2209,0,0,0
3,INTNODE2209,2,3,0
3,INTNODE2209,3,3,0
3,INTNODE2209,3,3,0
3,INTNODE2209,3,3,0
3,INTNODE2209,2,2,0
3,INTNODE2209,1,2,0
3,INTNODE2209,1,3,0
3,INTNODE2209,2,2,0
3,INTNODE2209,0,1,0
3,INTNODE2209,3,7,0
3,INTNODE2209,4,5,0
3,INTNODE2209,0,1,0
3,INTNODE2209,3,3,0
3,INTNODE2209,3,7,0
3,INTNODE2209,4,4,0
3,INTNODE2209,3,3,0
3,INTNODE2209,2,3,0
3,INTNODE2209,0,0,0
3,INTNODE2209,2,3,0
3,INTNODE2209,4,4,0
3,INTNODE2209,2,5,0
3,INTNODE2209,2,2,0
3,INTNODE2209,2,2,0
3,INTNODE2164,0,0,0
3,INTNODE2164,0,0,0
4,INTNODE1222,2,5,0
4,INTNODE1222,0,2,0
4,INTNODE1222,3,4,0
4,INTNODE1222,0,1,0
4,INTNODE1222,3,4,0
4,INTNODE1222,2,3,0
4,INTNODE1233,9,9,0
4,INTNODE1233,10,10,0
4,INTNODE1233,8,9,0
4,INTNODE1233,8,9,0
4,INTNODE1233,0,8,0
4,INTNODE1233,10,13,0
4,INTNODE1233,9,10,0
4,INTNODE1233,0,4,0
4,INTNODE1233,9,26,0
4,INTNODE1233,9,9,0
4,INTNODE1233,9,9,0
4,INTNODE1233,9,10,0
4,INTNODE1233,10,10,0
4,INTNODE1233,11,12,0
4,INTNODE1233,9,9,0
4,INTNODE1233,10,11,0
4,INTNODE1233,9,9,0
4,INTNODE1233,11,16,1
4,INTNODE2429,161,162,0
4,INTNODE2429,182,183,0
4,INTNODE2429,159,160,0
4,INTNODE2429,210,210,0
4,INTNODE2429,176,183,0
4,INTNODE2429,207,208,0
4,INTNODE2429,190,193,0
4,INTNODE2429,188,188,0
4,INTNODE2429,0,25,0
4,INTNODE2429,209,209,0
4,INTNODE2429,208,208,0
4,INTNODE2429,212,212,0
4,INTNODE2429,205,205,0
4,INTNODE2429,161,162,0
4,INTNODE2429,186,187,0
4,INTNODE2429,161,162,0
4,INTNODE2429,160,161,0
4,INTNODE2429,45,46,0
4,INTNODE2429,204,204,0
4,INTNODE2429,210,211,0
4,INTNODE2429,206,207,0
4,INTNODE2429,186,186,0
4,INTNODE2429,179,184,0
4,INTNODE2429,160,160,0
4,INTNODE2429,183,184,0
4,INTNODE2429,210,211,0
4,INTNODE2429,161,161,0
4,INTNODE2429,161,161,0
4,INTNODE2429,184,184,0
4,INTNODE2429,217,217,0
4,INTNODE2429,205,205,0
4,INTNODE2429,203,204,0
4,INTNODE2429,178,178,0
4,INTNODE2429,207,207,0
4,INTNODE2429,158,159,0
4,INTNODE2429,202,203,0
4,INTNODE2429,183,183,0
4,INTNODE2429,138,144,0
4,INTNODE2429,207,208,0
4,INTNODE2429,72,72,0
4,INTNODE2429,205,207,0
4,INTNODE2429,208,210,0
4,INTNODE2429,157,164,0
4,INTNODE2429,208,208,0
4,INTNODE2429,206,209,0
4,INTNODE2429,185,185,0
4,INTNODE2429,213,215,0
4,INTNODE2429,186,188,0
4,INTNODE2429,212,212,0
4,INTNODE2429,71,71,0
4,INTNODE2429,158,159,0
4,INTNODE2429,197,206,0
4,INTNODE2429,177,177,0
4,INTNODE2429,26,27,0
4,INTNODE2429,208,209,0
4,INTNODE2429,160,160,0
4,INTNODE2429,206,207,0
4,INTNODE2429,209,209,0
4,INTNODE2429,170,171,0
4,INTNODE2429,218,221,0
4,INTNODE2429,205,207,0
4,INTNODE2429,174,174,0
4,INTNODE2429,155,156,0
4,INTNODE2429,88,93,0
4,INTNODE2429,183,183,0
4,INTNODE2429,186,186,0
4,INTNODE2429,196,196,0
4,INTNODE2429,185,185,0
4,INTNODE2429,209,209,0
4,INTNODE2429,211,211,0
4,INTNODE2429,206,209,0
4,INTNODE2429,184,185,0
4,INTNODE2429,184,186,0
4,INTNODE2429,204,205,0
4,INTNODE2429,207,207,0
4,INTNODE2429,156,158,0
4,INTNODE2429,206,206,0
4,INTNODE2429,168,170,0
4,INTNODE2429,204,205,0
4,INTNODE2429,210,213,0
4,INTNODE2429,188,188,0
4,INTNODE2429,183,183,0
4,INTNODE2429,209,210,0
4,INTNODE2429,137,137,0
4,INTNODE2429,46,47,0
4,INTNODE2429,160,160,0
4,INTNODE2429,175,175,0
4,INTNODE2429,70,70,0
4,INTNODE2429,186,188,0
4,INTNODE2429,207,208,0
4,INTNODE2429,166,166,0
4,INTNODE2429,160,160,0
4,INTNODE2429,183,187,0
4,INTNODE2429,209,211,0
4,INTNODE2429,137,140,0
4,INTNODE2429,168,168,0
4,INTNODE2429,131,131,0
4,INTNODE2429,182,182,0
4,INTNODE2429,207,207,0
4,INTNODE2429,146,146,0
4,INTNODE2429,33,33,0
4,INTNODE2429,208,208,0
4,INTNODE2429,201,202,0
4,INTNODE2429,163,163,0
4,INTNODE2429,193,193,0
4,INTNODE2429,184,184,0
4,INTNODE2429,160,160,0
4,INTNODE2429,205,206,0
4,INTNODE2429,184,184,0
4,INTNODE2429,174,174,0
4,INTNODE2429,207,209,0
4,INTNODE2429,156,160,0
4,INTNODE2429,177,179,0
4,INTNODE2429,160,161,0
4,INTNODE2429,205,207,0
4,INTNODE2429,138,138,0
4,INTNODE2429,205,206,0
4,INTNODE2429,137,137,0
4,INTNODE2429,163,164,0
4,INTNODE2429,209,209,0
4,INTNODE2429,69,71,0
4,INTNODE2429,206,206,0
4,INTNODE2429,205,205,0
4,INTNODE2429,160,160,0
4,INTNODE2429,185,185,0
4,INTNODE2429,210,211,0
4,INTNODE2429,209,213,0
4,INTNODE2429,70,70,0
4,INTNODE2429,187,188,0
4,INTNODE2429,206,206,0
4,INTNODE2429,149,155,0
4,INTNODE2429,160,160,0
4,INTNODE2429,207,208,0
4,INTNODE2429,184,187,0
4,INTNODE2429,204,204,0
4,INTNODE2429,210,215,0
4,INTNODE2429,184,185,0
4,INTNODE2429,206,207,0
4,INTNODE2429,207,210,0
4,INTNODE2429,178,178,0
4,INTNODE2429,214,214,0
4,INTNODE2429,160,160,0
4,INTNODE2429,190,192,0
4,INTNODE2429,209,209,0
4,INTNODE2429,110,111,0
4,INTNODE2429,167,168,0
4,INTNODE2429,207,208,0
4,INTNODE2429,208,209,0
4,INTNODE2429,206,208,0
4,INTNODE2429,204,207,0
4,INTNODE2429,183,184,0
4,INTNODE2429,220,221,0
4,INTNODE2429,185,185,0
4,INTNODE2429,188,188,0
4,INTNODE2429,211,213,0
4,INTNODE2429,213,213,0
4,INTNODE2429,188,188,0
4,INTNODE2429,161,161,0
4,INTNODE2429,69,69,0
4,INTNODE2429,214,214,0
4,INTNODE2429,202,205,0
4,INTNODE2429,186,186,0
4,INTNODE2429,190,191,0
4,INTNODE2429,204,204,0
4,INTNODE2429,210,211,0
4,INTNODE2429,185,186,0
4,INTNODE2429,160,160,0
4,INTNODE2429,160,161,0
4,INTNODE2429,188,188,0
4,INTNODE2429,213,214,0
4,INTNODE2429,206,207,0
4,INTNODE2429,187,187,0
4,INTNODE2429,176,177,0
4,INTNODE2429,186,186,0
4,INTNODE2429,209,209,0
4,INTNODE2429,153,154,0
4,INTNODE2429,70,71,0
4,INTNODE2429,185,190,0
4,INTNODE2429,213,215,0
4,INTNODE2429,207,208,0
4,INTNODE2429,177,177,0
4,INTNODE2429,214,214,0
4,INTNODE2429,211,211,0
4,INTNODE2429,186,186,0
4,INTNODE2429,183,183,0
4,INTNODE2429,161,161,0
4,INTNODE2429,202,202,0
4,INTNODE2429,137,138,0
4,INTNODE2429,185,186,0
4,INTNODE2429,160,160,0
4,INTNODE2429,211,213,0
4,INTNODE2429,183,184,0
4,INTNODE2429,185,186,0
4,INTNODE2429,161,162,0
4,INTNODE2429,204,205,0
4,INTNODE2429,189,189,0
4,INTNODE2429,202,205,0
4,INTNODE2429,204,205,0
4,INTNODE2429,204,207,0
4,INTNODE2429,154,162,0
4,INTNODE2429,186,186,0
4,INTNODE2429,206,206,0
4,INTNODE2429,208,209,0
4,INTNODE2429,206,206,0
4,INTNODE2429,159,159,0
4,INTNODE2429,208,208,0
4,INTNODE2429,39,41,0
4,INTNODE2429,206,207,0
4,INTNODE2429,202,203,0
4,INTNODE2429,210,212,0
4,INTNODE2429,150,150,0
4,INTNODE2429,160,161,0
4,INTNODE2429,168,175,0
4,INTNODE2429,160,161,0
4,INTNODE2429,203,203,0
4,INTNODE2429,189,190,0
4,INTNODE2429,206,206,0
4,INTNODE2429,186,186,0
4,INTNODE2429,187,188,0
4,INTNODE2429,212,216,0
4,INTNODE2429,134,134,0
4,INTNODE2429,175,181,0
4,INTNODE2429,208,208,0
4,INTNODE2429,160,161,0
4,INTNODE2429,209,209,0
4,INTNODE2429,210,210,0
4,INTNODE2429,69,70,0
4,INTNODE2429,146,150,0
4,INTNODE2429,183,183,0
4,INTNODE2429,204,204,0
4,INTNODE2429,183,183,0
4,INTNODE2429,46,46,0
4,INTNODE2429,190,190,0
4,INTNODE2429,179,180,0
4,INTNODE2429,204,210,0
4,INTNODE2429,210,212,0
4,INTNODE2429,69,69,0
4,INTNODE2429,207,207,0
4,INTNODE2429,186,186,0
4,INTNODE2429,205,207,0
4,INTNODE2429,185,196,0
4,INTNODE2429,90,95,0
4,INTNODE2429,205,207,0
4,INTNODE2429,208,208,0
4,INTNODE2429,178,180,0
4,INTNODE2429,183,184,0
4,INTNODE2429,162,163,0
4,INTNODE2429,145,146,0
4,INTNODE2429,204,206,0
4,INTNODE2429,207,207,0
4,INTNODE2429,209,210,0
4,INTNODE2429,213,213,0
4,INTNODE2429,47,48,0
4,INTNODE2429,214,216,0
4,INTNODE2429,160,162,0
4,INTNODE2429,160,160,0
4,INTNODE2429,215,215,0
4,INTNODE2429,183,184,0
4,INTNODE2429,68,68,0
4,INTNODE2429,55,57,0
4,INTNODE2429,186,188,0
4,INTNODE2429,161,162,0
4,INTNODE2429,217,219,0
4,INTNODE2429,203,204,0
4,INTNODE2429,166,169,0
4,INTNODE2429,185,189,0
4,INTNODE2429,209,210,0
4,INTNODE2429,188,190,0
4,INTNODE2429,160,161,0
4,INTNODE2429,185,186,0
4,INTNODE2429,179,180,0
4,INTNODE2429,203,204,0
4,INTNODE2429,31,32,0
4,INTNODE2429,204,204,0
4,INTNODE2429,160,162,0
4,INTNODE2429,185,185,0
4,INTNODE2429,209,210,0
4,INTNODE2429,204,204,0
4,INTNODE2429,207,207,0
4,INTNODE2429,200,201,0
4,INTNODE2429,207,207,0
4,INTNODE2429,158,158,0
4,INTNODE2429,204,205,0
4,INTNODE2429,205,205,0
4,INTNODE2429,177,178,0
4,INTNODE2429,212,212,0
4,INTNODE2429,210,212,0
4,INTNODE2429,206,206,0
4,INTNODE2429,217,218,0
4,INTNODE2429,185,185,0
4,INTNODE2429,209,211,0
4,INTNODE2429,201,201,0
4,INTNODE2429,186,186,0
4,INTNODE2429,205,205,0
4,INTNODE2429,162,162,0
4,INTNODE2429,189,191,0
4,INTNODE2429,208,208,0
4,INTNODE2429,206,207,0
4,INTNODE2429,204,204,0
4,INTNODE2429,183,183,0
4,INTNODE2429,207,207,0
4,INTNODE2429,168,172,0
4,INTNODE2429,160,163,0
4,INTNODE2429,93,94,0
4,INTNODE2429,190,193,0
4,INTNODE2429,168,169,0
4,INTNODE2429,207,210,0
4,INTNODE2429,209,210,0
4,INTNODE2429,175,177,0
4,INTNODE2429,188,189,0
4,INTNODE2429,211,212,0
4,INTNODE2429,180,182,0
4,INTNODE2429,209,210,0
4,INTNODE2429,204,207,0
4,INTNODE2429,175,176,0
4,INTNODE2429,158,158,0
4,INTNODE2429,206,206,0
4,INTNODE2429,185,187,0
4,INTNODE2429,159,159,0
4,INTNODE2429,160,161,0
4,INTNODE2429,136,139,0
4,INTNODE2429,191,191,0
4,INTNODE2429,178,179,0
4,INTNODE2429,48,49,0
4,INTNODE2429,189,193,0
4,INTNODE2429,90,90,0
4,INTNODE2429,214,214,0
4,INTNODE2429,138,139,0
4,INTNODE2429,160,161,0
4,INTNODE2429,210,210,0
4,INTNODE2429,209,217,0
4,INTNODE2429,187,187,0
4,INTNODE2429,213,214,0
4,INTNODE2429,186,186,0
4,INTNODE2429,208,208,0
4,INTNODE2429,210,211,0
4,INTNODE2429,210,210,0
4,INTNODE2429,209,209,0
4,INTNODE2429,205,205,0
4,INTNODE2429,70,72,0
4,INTNODE2429,205,205,0
4,INTNODE2429,206,206,0
4,INTNODE2429,183,183,0
4,INTNODE2429,155,156,0
4,INTNODE2429,206,207,0
4,INTNODE2429,209,230,0
4,INTNODE2429,207,208,0
4,INTNODE2429,213,213,0
4,INTNODE2429,178,179,0
4,INTNODE2429,209,210,0
4,INTNODE2429,207,207,0
4,INTNODE2429,204,206,0
4,INTNODE2429,188,188,0
4,INTNODE2429,184,186,0
4,INTNODE2429,207,207,0
4,INTNODE2429,167,168,0
4,INTNODE2429,215,217,0
4,INTNODE2429,106,123,0
4,INTNODE2429,206,206,0
4,INTNODE2429,183,183,0
4,INTNODE2429,206,206,0
4,INTNODE2429,206,206,0
4,INTNODE2429,160,161,0
4,INTNODE2429,208,208,0
4,INTNODE2429,185,185,0
4,INTNODE2429,205,206,0
4,INTNODE2429,203,205,0
4,INTNODE2429,213,213,0
4,INTNODE2429,205,205,0
4,INTNODE2429,185,189,0
4,INTNODE2429,106,121,0
4,INTNODE2429,186,187,0
4,INTNODE2429,185,186,0
4,INTNODE2429,160,160,0
4,INTNODE2429,88,89,0
4,INTNODE2429,136,136,0
4,INTNODE2429,185,185,0
4,INTNODE2429,208,209,0
4,INTNODE2429,207,208,0
4,INTNODE2429,187,188,0
4,INTNODE2429,190,191,0
4,INTNODE2429,160,161,0
4,INTNODE2429,160,162,0
4,INTNODE2429,188,189,0
4,INTNODE2429,161,163,0
4,INTNODE2429,206,207,0
4,INTNODE2429,206,208,0
4,INTNODE2429,183,184,0
4,INTNODE2429,161,164,0
4,INTNODE2429,160,161,0
4,INTNODE2429,209,209,0
4,INTNODE2429,160,160,0
4,INTNODE2429,184,185,0
4,INTNODE2429,206,206,0
4,INTNODE2429,158,163,0
4,INTNODE2429,160,161,0
4,INTNODE2429,59,67,0
4,INTNODE2429,213,224,0
4,INTNODE2429,137,140,0
4,INTNODE2429,94,98,0
4,INTNODE2429,134,134,0
4,INTNODE2429,183,184,0
4,INTNODE2429,46,47,0
4,INTNODE2429,209,209,0
4,INTNODE2429,209,211,0
4,INTNODE2429,159,159,0
4,INTNODE2429,160,160,0
4,INTNODE2429,209,212,0
4,INTNODE2429,33,33,0
4,INTNODE2429,186,186,0
4,INTNODE2429,182,182,0
4,INTNODE2429,184,184,0
4,INTNODE2429,156,161,0
4,INTNODE2429,209,210,0
4,INTNODE2429,208,208,0
4,INTNODE2429,167,175,0
4,INTNODE2429,184,185,0
4,INTNODE2429,174,175,0
4,INTNODE2429,160,160,0
4,INTNODE2429,160,160,0
4,INTNODE2429,209,209,0
4,INTNODE2429,184,185,0
4,INTNODE2429,186,187,0
4,INTNODE2429,183,185,0
4,INTNODE2429,68,68,0
4,INTNODE2429,166,167,0
4,INTNODE2429,208,210,0
4,INTNODE2429,204,206,0
4,INTNODE2429,183,184,0
4,INTNODE2429,204,204,0
4,INTNODE2429,160,161,0
4,INTNODE2429,207,212,0
4,INTNODE2429,186,188,0
4,INTNODE2429,203,209,0
4,INTNODE2429,160,160,0
4,INTNODE2429,187,187,0
4,INTNODE2429,109,110,0
4,INTNODE2429,208,210,0
4,INTNODE2429,186,186,0
4,INTNODE2429,70,71,0
4,INTNODE2429,167,167,0
4,INTNODE2429,163,163,0
4,INTNODE2429,185,187,0
4,INTNODE2429,137,137,0
4,INTNODE2429,204,204,0
4,INTNODE2429,137,139,0
4,INTNODE2429,168,169,0
4,INTNODE2429,160,160,0
4,INTNODE2429,205,206,0
4,INTNODE2429,177,180,0
4,INTNODE2429,137,138,0
4,INTNODE2429,211,211,0
4,INTNODE2429,206,206,0
4,INTNODE2429,189,189,0
4,INTNODE2429,161,162,0
4,INTNODE2429,204,208,0
4,INTNODE2429,161,161,0
4,INTNODE2429,204,204,0
4,INTNODE2429,202,202,0
4,INTNODE2429,207,210,0
4,INTNODE2429,160,161,0
4,INTNODE2429,182,185,0
4,INTNODE2429,210,210,0
4,INTNODE2429,168,170,0
4,INTNODE2429,212,212,0
4,INTNODE2429,186,186,0
4,INTNODE2429,208,208,0
4,INTNODE2429,160,162,0
4,INTNODE2429,203,210,0
4,INTNODE2429,183,183,0
4,INTNODE2429,183,184,0
4,INTNODE2429,160,160,0
4,INTNODE2429,211,213,0
4,INTNODE2429,166,166,0
4,INTNODE2429,206,208,0
4,INTNODE2429,135,136,0
4,INTNODE2429,209,210,0
4,INTNODE2429,206,206,0
4,INTNODE2429,183,184,0
4,INTNODE2429,183,184,0
4,INTNODE2429,212,213,0
4,INTNODE2429,209,217,0
4,INTNODE2429,165,165,0
4,INTNODE2429,175,176,0
4,INTNODE2429,208,210,0
4,INTNODE2429,209,211,0
4,INTNODE2429,23,40,0
4,INTNODE2429,201,201,0
4,INTNODE2429,185,186,0
4,INTNODE2429,185,185,0
4,INTNODE2429,131,134,0
4,INTNODE2429,204,204,0
4,INTNODE2429,168,169,0
4,INTNODE2429,71,72,0
4,INTNODE2429,211,211,0
4,INTNODE2429,176,177,0
4,INTNODE2429,207,207,0
4,INTNODE2429,205,209,0
4,INTNODE2429,218,219,0
4,INTNODE2429,69,71,0
4,INTNODE2429,183,183,0
4,INTNODE2429,209,209,0
4,INTNODE2429,138,139,0
4,INTNODE2429,161,162,0
4,INTNODE2429,183,184,0
4,INTNODE2429,178,184,0
4,INTNODE2429,201,202,0
4,INTNODE2429,213,216,0
4,INTNODE2429,211,211,0
4,INTNODE2429,203,205,0
4,INTNODE2429,206,206,0
4,INTNODE2429,207,210,0
4,INTNODE2429,208,208,0
4,INTNODE2429,205,205,0
4,INTNODE2429,158,158,0
4,INTNODE2429,204,204,0
4,INTNODE2429,193,196,0
4,INTNODE2429,204,206,0
4,INTNODE2429,185,185,0
4,INTNODE2429,77,80,0
4,INTNODE2429,186,186,0
4,INTNODE2429,185,187,0
4,INTNODE2429,160,160,0
4,INTNODE2429,208,209,0
4,INTNODE2429,187,188,0
4,INTNODE2429,204,204,0
4,INTNODE2429,207,207,0
4,INTNODE2429,212,212,0
4,INTNODE2429,208,208,0
4,INTNODE2429,178,181,0
4,INTNODE2429,55,56,0
4,INTNODE2429,204,205,0
4,INTNODE2429,161,162,0
4,INTNODE2429,184,184,0
4,INTNODE2429,206,207,0
4,INTNODE2429,204,206,0
4,INTNODE2429,208,208,0
4,INTNODE2429,160,162,0
4,INTNODE2429,210,212,0
4,INTNODE2429,207,209,0
4,INTNODE2429,209,209,0
4,INTNODE2429,204,206,0
4,INTNODE2429,183,185,0
4,INTNODE2429,167,168,0
4,INTNODE2429,167,171,0
4,INTNODE2429,136,159,0
4,INTNODE2429,206,208,0
4,INTNODE2429,189,191,0
4,INTNODE2429,186,188,0
4,INTNODE2429,183,184,0
4,INTNODE2429,206,206,0
4,INTNODE2429,204,205,0
4,INTNODE2429,137,138,0
4,INTNODE2429,161,162,0
4,INTNODE2429,211,213,0
4,INTNODE2429,189,191,0
4,INTNODE2429,205,207,0
4,INTNODE2429,156,164,0
4,INTNODE2429,184,191,0
4,INTNODE2429,45,46,0
4,INTNODE2429,176,176,0
4,INTNODE2429,217,217,0
4,INTNODE2429,208,208,0
4,INTNODE2429,182,183,0
4,INTNODE2429,183,183,0
4,INTNODE2429,185,190,0
4,INTNODE2429,186,187,0
4,INTNODE2429,48,48,0
4,INTNODE2429,191,191,0
4,INTNODE2429,214,216,0
4,INTNODE2429,161,162,0
4,INTNODE2429,137,138,0
4,INTNODE2429,201,201,0
4,INTNODE2429,179,179,0
4,INTNODE2429,184,185,0
4,INTNODE2429,205,207,0
4,INTNODE2429,204,205,0
4,INTNODE2429,160,161,0
4,INTNODE2429,218,220,0
4,INTNODE2429,182,186,0
4,INTNODE2429,132,137,0
4,INTNODE2429,209,210,0
4,INTNODE2429,185,185,0
4,INTNODE2429,51,56,0
4,INTNODE2429,209,209,0
4,INTNODE2429,160,160,0
4,INTNODE2429,161,161,0
4,INTNODE2429,212,212,0
4,INTNODE2429,133,137,0
4,INTNODE2429,69,69,0
4,INTNODE2429,132,139,0
4,INTNODE2429,202,202,0
4,INTNODE2429,210,213,1
4,INTNODE2429,176,185,0
4,INTNODE2429,210,212,0
4,INTNODE2429,184,186,0
4,INTNODE2429,184,188,0
4,INTNODE2429,206,207,0
4,INTNODE2429,156,156,0
4,INTNODE2429,70,74,0
4,INTNODE2429,158,162,0
4,INTNODE2429,182,184,0
4,INTNODE2429,183,184,0
4,INTNODE2429,160,160,0
4,INTNODE2429,160,161,0
4,INTNODE2429,207,212,0
4,INTNODE2429,211,212,0
4,INTNODE2429,209,213,0
4,INTNODE2429,158,158,0
4,INTNODE2429,212,213,0
4,INTNODE2429,160,161,0
4,INTNODE2429,216,218,0
4,INTNODE2429,138,138,0
4,INTNODE2429,182,182,0
4,INTNODE2429,209,209,0
4,INTNODE2429,206,206,0
4,INTNODE2429,206,207,0
4,INTNODE2429,185,185,0
4,INTNODE2429,161,161,0
4,INTNODE2429,174,174,0
4,INTNODE2429,208,210,0
4,INTNODE2429,48,52,0
4,INTNODE2429,212,214,0
4,INTNODE2429,204,204,0
4,INTNODE2429,208,210,0
4,INTNODE2429,206,206,0
4,INTNODE2429,137,138,0
4,INTNODE2429,208,210,0
4,INTNODE2429,202,206,0
4,INTNODE2429,167,168,0
4,INTNODE2429,207,208,0
4,INTNODE2429,220,223,0
4,INTNODE2429,162,162,0
4,INTNODE2429,209,210,0
4,INTNODE2429,210,210,0
4,INTNODE2429,134,137,0
4,INTNODE2429,161,162,0
4,INTNODE2429,207,209,0
4,INTNODE2429,202,202,0
4,INTNODE2429,219,220,0
4,INTNODE2429,187,187,0
4,INTNODE2429,176,177,0
4,INTNODE2429,209,209,0
4,INTNODE2429,89,93,0
4,INTNODE2429,160,161,0
4,INTNODE2429,163,164,0
4,INTNODE2429,186,187,0
4,INTNODE2429,214,214,0
4,INTNODE2429,209,209,0
4,INTNODE2429,210,210,0
4,INTNODE2429,188,188,0
4,INTNODE2429,202,203,0
4,INTNODE2429,187,188,0
4,INTNODE2429,204,205,0
4,INTNODE2429,201,202,0
4,INTNODE2429,158,159,0
4,INTNODE2429,160,160,0
4,INTNODE2429,70,70,0
4,INTNODE2429,214,216,0
4,INTNODE2429,206,210,0
4,INTNODE2429,205,215,0
4,INTNODE2429,186,188,0
4,INTNODE2429,204,204,0
4,INTNODE2429,183,183,0
4,INTNODE2429,210,210,0
4,INTNODE2429,209,210,0
4,INTNODE2429,208,208,0
4,INTNODE2429,206,208,0
4,INTNODE2429,138,138,0
4,INTNODE2429,202,203,0
4,INTNODE2429,160,161,0
4,INTNODE2429,186,186,0
4,INTNODE2429,161,161,0
4,INTNODE2429,183,184,0
4,INTNODE2429,109,110,0
4,INTNODE2429,186,186,0
4,INTNODE2429,212,214,0
4,INTNODE2429,209,211,0
4,INTNODE2429,183,184,0
4,INTNODE2429,161,162,0
4,INTNODE2429,210,210,0
4,INTNODE2429,201,202,0
4,INTNODE2429,207,208,0
4,INTNODE2429,156,162,0
4,INTNODE2429,162,162,0
4,INTNODE2429,52,52,0
4,INTNODE2429,161,162,0
4,INTNODE2429,203,203,0
4,INTNODE2429,202,202,0
4,INTNODE2429,169,169,0
4,INTNODE2429,188,189,0
4,INTNODE2429,189,189,0
4,INTNODE2429,204,204,0
4,INTNODE2429,212,213,0
4,INTNODE2429,204,206,0
4,INTNODE2429,203,204,0
4,INTNODE2429,209,209,0
4,INTNODE2429,205,206,0
4,INTNODE2429,162,164,0
4,INTNODE2429,211,212,0
4,INTNODE2429,184,185,0
4,INTNODE2429,209,209,0
4,INTNODE2429,211,212,0
4,INTNODE2429,207,207,0
4,INTNODE2429,208,210,0
4,INTNODE2429,44,45,0
4,INTNODE2429,160,161,0
4,INTNODE2429,210,210,0
4,INTNODE2429,209,212,0
4,INTNODE2429,204,205,0
4,INTNODE2429,132,132,0
4,INTNODE2429,205,205,0
4,INTNODE2429,209,209,0
4,INTNODE2429,58,61,0
4,INTNODE2429,183,183,0
4,INTNODE2429,184,185,0
4,INTNODE2429,160,161,0
4,INTNODE2429,186,188,0
4,INTNODE2429,189,189,0
4,INTNODE2429,207,211,0
4,INTNODE2429,154,154,0
4,INTNODE2429,189,189,0
4,INTNODE2429,184,186,0
4,INTNODE2429,184,184,0
4,INTNODE2429,186,187,0
4,INTNODE2429,189,191,0
4,INTNODE2429,206,208,0
4,INTNODE2429,186,186,0
4,INTNODE2429,159,159,0
4,INTNODE2429,185,185,0
4,INTNODE2429,212,213,0
4,INTNODE2429,183,184,0
4,INTNODE2429,213,214,0
4,INTNODE2429,71,72,0
4,INTNODE2429,189,190,0
4,INTNODE2429,214,216,0
4,INTNODE2429,207,207,0
4,INTNODE2429,185,186,0
4,INTNODE2429,212,215,0
4,INTNODE2429,219,220,0
4,INTNODE2429,204,204,0
4,INTNODE2429,205,208,0
4,INTNODE2429,173,173,0
4,INTNODE2429,209,209,0
4,INTNODE2429,69,70,0
4,INTNODE2429,160,160,0
4,INTNODE2429,162,162,0
4,INTNODE2429,204,206,0
4,INTNODE2429,90,91,0
4,INTNODE2429,205,206,0
4,INTNODE2429,132,132,0
4,INTNODE2429,139,144,0
4,INTNODE2429,69,70,0
4,INTNODE2429,87,88,0
4,INTNODE2429,205,206,0
4,INTNODE2429,184,184,0
4,INTNODE2429,168,173,0
4,INTNODE2429,160,161,0
4,INTNODE2429,69,74,0
4,INTNODE2429,186,187,0
4,INTNODE2429,206,206,0
4,INTNODE2429,156,158,0
4,INTNODE2429,208,208,0
4,INTNODE2429,209,209,0
4,INTNODE2429,183,185,0
4,INTNODE2429,205,205,0
4,INTNODE2429,212,213,0
4,INTNODE2429,207,209,0
4,INTNODE2429,183,183,0
4,INTNODE2429,208,208,0
4,INTNODE2429,206,212,0
4,INTNODE2429,19,26,0
4,INTNODE2429,46,46,0
4,INTNODE2429,132,132,0
4,INTNODE2429,204,204,0
4,INTNODE2429,210,213,0
4,INTNODE2429,170,170,0
4,INTNODE2429,205,207,0
4,INTNODE2429,206,208,0
4,INTNODE2429,158,158,0
4,INTNODE2429,210,211,0
4,INTNODE2429,186,187,0
4,INTNODE2429,156,156,0
4,INTNODE2429,187,187,0
4,INTNODE2429,210,212,0
4,INTNODE2429,209,230,0
4,INTNODE2429,203,203,0
4,INTNODE2429,23,24,0
4,INTNODE2429,167,168,0
4,INTNODE2429,215,216,0
4,INTNODE2429,210,210,0
4,INTNODE2429,205,205,0
4,INTNODE2429,70,71,0
4,INTNODE2429,182,183,0
4,INTNODE2429,209,210,0
4,INTNODE2429,186,186,0
4,INTNODE2429,65,68,0
4,INTNODE2429,201,202,0
4,INTNODE2429,207,211,0
4,INTNODE2429,185,187,0
4,INTNODE2429,196,203,0
4,INTNODE2429,69,71,0
4,INTNODE2429,208,210,0
4,INTNODE2429,197,200,0
4,INTNODE2429,177,177,0
4,INTNODE2429,160,160,0
4,INTNODE2429,207,209,0
4,INTNODE2429,207,208,0
4,INTNODE2429,206,211,0
4,INTNODE2429,162,163,0
4,INTNODE2429,206,213,0
4,INTNODE2429,208,208,0
4,INTNODE2429,207,209,0
4,INTNODE2429,134,136,0
4,INTNODE2429,217,217,0
4,INTNODE2429,158,158,0
4,INTNODE2429,214,215,0
4,INTNODE2429,215,215,0
4,INTNODE2429,185,185,0
4,INTNODE2429,207,208,0
4,INTNODE2429,203,205,0
4,INTNODE2429,209,209,0
4,INTNODE2429,189,189,0
4,INTNODE2429,211,213,0
4,INTNODE2429,168,170,0
4,INTNODE2429,208,208,0
4,INTNODE2429,186,188,0
4,INTNODE2429,205,205,0
4,INTNODE2429,205,205,0
4,INTNODE2429,186,186,0
4,INTNODE2429,191,192,0
4,INTNODE2429,212,217,0
4,INTNODE2429,210,210,0
4,INTNODE2429,183,183,0
4,INTNODE2429,206,208,0
4,INTNODE2429,69,72,0
4,INTNODE2429,211,211,0
4,INTNODE2429,157,160,0
4,INTNODE2429,211,212,0
4,INTNODE2429,187,189,0
4,INTNODE2429,188,189,0
4,INTNODE2429,206,207,0
4,INTNODE2429,159,160,0
4,INTNODE2429,205,206,0
4,INTNODE2429,207,210,0
4,INTNODE2429,209,209,0
4,INTNODE2429,69,69,0
4,INTNODE2429,210,211,0
4,INTNODE2429,216,216,0
4,INTNODE2429,204,204,0
4,INTNODE2429,206,206,0
4,INTNODE2429,190,190,0
4,INTNODE2429,186,187,0
4,INTNODE2429,204,205,0
4,INTNODE2429,160,161,0
4,INTNODE2429,187,188,0
4,INTNODE2429,205,205,0
4,INTNODE2429,51,51,0
4,INTNODE2429,212,212,0
4,INTNODE2429,205,205,0
4,INTNODE2429,185,186,0
4,INTNODE2429,206,207,0
4,INTNODE2429,70,71,0
4,INTNODE2429,177,181,0
4,INTNODE2429,179,179,0
4,INTNODE2429,184,184,0
4,INTNODE2429,204,204,0
4,INTNODE2429,215,215,0
4,INTNODE2429,216,216,0
4,INTNODE2429,182,182,0
4,INTNODE2429,210,210,0
4,INTNODE2429,159,160,0
4,INTNODE2429,204,204,0
4,INTNODE2429,209,213,0
4,INTNODE2429,206,210,0
4,INTNODE2429,182,182,0
4,INTNODE2429,206,206,0
4,INTNODE2429,154,156,0
4,INTNODE2429,216,216,0
4,INTNODE2429,56,60,0
4,INTNODE2429,209,210,0
4,INTNODE2429,209,209,0
4,INTNODE2429,213,213,0
4,INTNODE2429,214,215,0
4,INTNODE2429,161,162,0
4,INTNODE2429,206,206,0
4,INTNODE2429,205,205,0
4,INTNODE2429,219,221,0
4,INTNODE2429,161,161,0
4,INTNODE2429,160,160,0
4,INTNODE2429,161,161,0
4,INTNODE2429,175,176,0
4,INTNODE2429,204,208,0
4,INTNODE2429,185,186,0
4,INTNODE2429,212,212,0
4,INTNODE2429,160,160,0
4,INTNODE2429,138,138,0
4,INTNODE2429,190,193,0
4,INTNODE2429,183,183,0
4,INTNODE2429,206,206,0
4,INTNODE2429,204,204,0
4,INTNODE2429,167,167,0
4,INTNODE2429,177,179,0
4,INTNODE2429,207,207,0
4,INTNODE2429,51,51,0
4,INTNODE2429,139,140,0
4,INTNODE2429,145,145,0
4,INTNODE2429,184,184,0
4,INTNODE2429,69,69,0
4,INTNODE2429,71,71,0
4,INTNODE2429,208,208,0
4,INTNODE2429,185,186,0
4,INTNODE2429,186,186,0
4,INTNODE2429,127,131,0
4,INTNODE2429,179,182,0
4,INTNODE2429,208,208,0
4,INTNODE2429,209,211,0
4,INTNODE2429,206,210,0
4,INTNODE2429,203,205,0
4,INTNODE2429,211,212,0
4,INTNODE2429,127,131,0
4,INTNODE2429,205,206,0
4,INTNODE2429,162,163,0
4,INTNODE2429,213,213,0
4,INTNODE2429,184,184,0
4,INTNODE2429,209,209,0
4,INTNODE2429,162,163,0
4,INTNODE2429,209,210,0
4,INTNODE2429,165,166,0
4,INTNODE2429,184,186,0
4,INTNODE2429,178,178,0
4,INTNODE2429,210,210,0
4,INTNODE2429,207,208,0
4,INTNODE2429,175,178,0
4,INTNODE2429,189,191,0
4,INTNODE2429,186,188,0
4,INTNODE2429,204,206,0
4,INTNODE2429,186,187,0
4,INTNODE2429,182,182,0
4,INTNODE2429,210,213,0
4,INTNODE2429,206,209,0
4,INTNODE2429,210,210,0
4,INTNODE2429,202,207,0
4,INTNODE2429,168,169,0
4,INTNODE2429,204,206,0
4,INTNODE2429,205,206,0
4,INTNODE2429,183,185,0
4,INTNODE2429,201,209,0
4,INTNODE2429,160,161,0
4,INTNODE2429,213,214,0
4,INTNODE2429,69,70,0
4,INTNODE2429,187,188,0
4,INTNODE2429,210,210,0
4,INTNODE2429,177,177,0
4,INTNODE2429,162,163,0
4,INTNODE2429,204,204,0
4,INTNODE2429,177,180,0
4,INTNODE2429,185,185,0
4,INTNODE2429,214,214,0
4,INTNODE2429,160,160,0
4,INTNODE2429,209,209,0
4,INTNODE2429,185,187,0
4,INTNODE2429,53,57,0
4,INTNODE2429,189,189,0
4,INTNODE2429,185,187,0
4,INTNODE2429,186,189,0
4,INTNODE2429,210,210,0
4,INTNODE2429,213,214,0
4,INTNODE2429,102,127,0
4,INTNODE2429,205,205,0
4,INTNODE2429,189,191,0
4,INTNODE2429,206,207,0
4,INTNODE2429,204,204,0
4,INTNODE2429,208,208,0
4,INTNODE2429,209,209,0
4,INTNODE2429,204,204,0
4,INTNODE2429,209,210,0
4,INTNODE2429,193,195,0
4,INTNODE2429,204,204,0
4,INTNODE2429,217,218,0
4,INTNODE2429,183,184,0
4,INTNODE2429,160,160,0
4,INTNODE2429,158,158,0
4,INTNODE2429,207,209,0
4,INTNODE2429,188,188,0
4,INTNODE2429,162,163,0
4,INTNODE2429,183,184,0
4,INTNODE2429,204,204,0
4,INTNODE2429,213,213,0
4,INTNODE2429,210,210,0
4,INTNODE2429,170,170,0
4,INTNODE2429,186,188,0
4,INTNODE2429,177,179,0
4,INTNODE2429,179,185,0
4,INTNODE2429,176,177,0
4,INTNODE2429,174,175,0
4,INTNODE2429,161,161,0
4,INTNODE2429,207,210,0
4,INTNODE2429,210,210,0
4,INTNODE2429,47,50,0
4,INTNODE2429,204,204,0
4,INTNODE2429,205,206,0
4,INTNODE2429,203,205,0
4,INTNODE2429,167,167,0
4,INTNODE2429,218,226,0
4,INTNODE2429,213,213,0
4,INTNODE2429,185,188,0
4,INTNODE2429,186,186,0
4,INTNODE2429,208,208,0
4,INTNODE2429,204,205,0
4,INTNODE2429,206,207,0
4,INTNODE2429,186,186,0
4,INTNODE2429,138,138,0
4,INTNODE2429,207,210,0
4,INTNODE2429,183,183,0
4,INTNODE2429,183,183,0
4,INTNODE2429,217,220,0
4,INTNODE2429,202,202,0
4,INTNODE2429,212,212,0
4,INTNODE2429,178,180,0
4,INTNODE2429,184,185,0
4,INTNODE2429,185,194,0
4,INTNODE2429,179,179,0
4,INTNODE2429,162,162,0
4,INTNODE2429,209,209,0
4,INTNODE2429,159,160,0
4,INTNODE2429,209,209,0
4,INTNODE2429,155,157,0
4,INTNODE2429,219,219,0
4,INTNODE2429,210,210,0
4,INTNODE2429,60,69,0
4,INTNODE2429,165,165,0
4,INTNODE2429,159,160,0
4,INTNODE2429,208,209,0
4,INTNODE2429,162,162,0
4,INTNODE2429,206,206,0
4,INTNODE2429,210,211,0
4,INTNODE2429,206,208,0
4,INTNODE2429,177,178,0
4,INTNODE2429,206,207,0
4,INTNODE2429,203,205,0
4,INTNODE2429,183,183,0
4,INTNODE2429,184,184,0
4,INTNODE2429,208,208,0
4,INTNODE2429,177,177,0
4,INTNODE2429,203,203,0
4,INTNODE2429,165,166,0
4,INTNODE2429,206,207,0
4,INTNODE2429,170,170,0
4,INTNODE2429,185,185,0
4,INTNODE2429,189,189,0
4,INTNODE2429,209,209,0
4,INTNODE2429,186,187,0
4,INTNODE2429,163,164,0
4,INTNODE2429,205,209,0
4,INTNODE2429,184,190,0
4,INTNODE2429,156,157,0
4,INTNODE2429,211,213,0
4,INTNODE2429,187,190,0
4,INTNODE2429,207,207,0
4,INTNODE2429,214,215,0
4,INTNODE2429,189,189,0
4,INTNODE2429,201,201,0
4,INTNODE2429,123,127,0
4,INTNODE2429,204,204,0
4,INTNODE2429,205,206,0
4,INTNODE2429,182,182,0
4,INTNODE2429,183,183,0
4,INTNODE2429,102,104,0
4,INTNODE2429,202,203,0
4,INTNODE2429,183,183,0
4,INTNODE2429,161,162,0
4,INTNODE2429,185,185,0
4,INTNODE2429,204,205,0
4,INTNODE2429,204,204,0
4,INTNODE2429,202,202,0
4,INTNODE2429,161,161,0
4,INTNODE2429,217,218,0
4,INTNODE2429,160,161,0
4,INTNODE2429,161,163,0
4,INTNODE2429,69,70,0
4,INTNODE2429,203,204,0
4,INTNODE2429,70,70,0
4,INTNODE2429,138,145,0
4,INTNODE2429,183,185,0
4,INTNODE2429,188,189,0
4,INTNODE2429,210,210,0
4,INTNODE2429,187,190,0
4,INTNODE2429,209,210,0
4,INTNODE2429,211,213,0
4,INTNODE2429,186,187,0
4,INTNODE2429,187,188,0
4,INTNODE2429,217,217,0
4,INTNODE2429,208,208,0
4,INTNODE2429,208,209,0
4,INTNODE2429,209,211,0
4,INTNODE2429,209,215,0
4,INTNODE2429,184,187,0
4,INTNODE2429,207,209,0
4,INTNODE2429,205,207,0
4,INTNODE2429,134,135,0
4,INTNODE2429,137,139,0
4,INTNODE2429,206,211,0
4,INTNODE2429,206,208,0
4,INTNODE2429,182,184,0
4,INTNODE2429,41,45,0
4,INTNODE2429,204,207,0
4,INTNODE2429,161,162,0
4,INTNODE2429,41,44,0
4,INTNODE2429,208,210,0
4,INTNODE2429,214,214,0
4,INTNODE2429,205,206,0
4,INTNODE2429,187,189,0
4,INTNODE2429,185,186,0
4,INTNODE2429,138,138,0
4,INTNODE2429,197,221,0
4,INTNODE2429,214,217,0
4,INTNODE2429,204,204,0
4,INTNODE2429,209,210,0
4,INTNODE2429,188,190,0
4,INTNODE2429,187,187,0
4,INTNODE2429,208,208,0
4,INTNODE2429,125,136,0
4,INTNODE2429,47,48,0
4,INTNODE2429,159,161,0
4,INTNODE2429,205,209,0
4,INTNODE2429,185,185,0
4,INTNODE2429,210,210,0
4,INTNODE2429,203,203,0
4,INTNODE2429,206,206,0
4,INTNODE2429,206,206,0
4,INTNODE2429,182,183,0
4,INTNODE2429,173,173,0
4,INTNODE2429,204,206,0
4,INTNODE2429,186,186,0
4,INTNODE2429,214,214,0
4,INTNODE2429,213,214,0
4,INTNODE2429,190,193,0
4,INTNODE2429,211,211,0
4,INTNODE2429,180,182,0
4,INTNODE2429,132,133,0
4,INTNODE2429,212,212,0
4,INTNODE2429,48,49,0
4,INTNODE2429,211,212,0
4,INTNODE2429,167,167,0
4,INTNODE2429,206,208,0
4,INTNODE2429,191,191,0
4,INTNODE2429,205,208,0
4,INTNODE2429,159,162,0
4,INTNODE2429,207,207,0
4,INTNODE2429,213,213,0
4,INTNODE2429,200,201,0
4,INTNODE2429,177,184,0
4,INTNODE2429,64,65,0
4,INTNODE2429,59,88,0
4,INTNODE2429,90,106,0
4,INTNODE2429,176,177,0
4,INTNODE2429,209,209,0
4,INTNODE2429,160,178,0
4,INTNODE2429,160,161,0
4,INTNODE2429,203,203,0
4,INTNODE2429,206,208,0
4,INTNODE2429,215,216,0
4,INTNODE2429,209,209,0
4,INTNODE2429,204,204,0
4,INTNODE2429,204,206,0
4,INTNODE2429,206,206,0
4,INTNODE2429,26,33,0
4,INTNODE2429,210,210,0
4,INTNODE2429,174,175,0
4,INTNODE2429,186,188,0
4,INTNODE2429,185,186,0
4,INTNODE2429,160,160,0
4,INTNODE2429,185,188,0
4,INTNODE2429,178,182,0
4,INTNODE2429,207,211,0
4,INTNODE2429,208,211,0
4,INTNODE2429,210,211,0
4,INTNODE2429,209,209,0
4,INTNODE2429,187,188,0
4,INTNODE2429,201,202,0
4,INTNODE2429,183,185,0
4,INTNODE2429,216,217,0
4,INTNODE2429,201,201,0
4,INTNODE2429,176,178,0
4,INTNODE2429,184,184,0
4,INTNODE2429,203,203,0
4,INTNODE2429,179,179,0
4,INTNODE2429,137,138,0
4,INTNODE2429,209,210,0
4,INTNODE2429,209,209,0
4,INTNODE2429,201,201,0
4,INTNODE2429,210,211,0
4,INTNODE2429,184,185,0
4,INTNODE2429,163,163,0
4,INTNODE2429,189,189,0
4,INTNODE2429,72,77,0
4,INTNODE2429,165,166,0
4,INTNODE2429,189,190,0
4,INTNODE2429,206,207,0
4,INTNODE2429,207,207,0
4,INTNODE2429,184,185,0
4,INTNODE2429,211,211,0
4,INTNODE2429,187,187,0
4,INTNODE2429,211,211,0
4,INTNODE2429,202,202,0
4,INTNODE2429,186,188,0
4,INTNODE2429,211,212,0
4,INTNODE2429,207,207,0
4,INTNODE2429,208,212,0
4,INTNODE2429,183,183,0
4,INTNODE2429,173,175,0
4,INTNODE2429,208,208,0
4,INTNODE2429,30,46,1
4,INTNODE2429,180,182,0
4,INTNODE2429,180,188,0
4,INTNODE2429,206,206,0
4,INTNODE2429,72,74,0
4,INTNODE2429,160,160,0
4,INTNODE2429,205,205,0
4,INTNODE2429,12,19,0
4,INTNODE2429,19,30,0
4,INTNODE2429,205,206,0
4,INTNODE2429,46,47,0
4,INTNODE2429,201,203,0
4,INTNODE2429,51,52,0
4,INTNODE2429,158,168,0
4,INTNODE2429,49,59,0
4,INTNODE2429,180,185,0
4,INTNODE2429,175,180,0
4,INTNODE2429,210,210,0
4,INTNODE2429,208,209,0
4,INTNODE2429,203,203,0
4,INTNODE2429,137,137,0
4,INTNODE2429,206,211,0
4,INTNODE2429,205,206,0
4,INTNODE2429,182,182,0
4,INTNODE2429,207,208,0
4,INTNODE2429,179,180,0
4,INTNODE2429,204,204,0
4,INTNODE2429,188,189,0
4,INTNODE2429,213,213,0
4,INTNODE2429,217,219,0
4,INTNODE2429,206,206,0
4,INTNODE2429,160,160,0
4,INTNODE2429,220,222,0
4,INTNODE2429,210,210,0
4,INTNODE2429,183,183,0
4,INTNODE2429,185,186,0
4,INTNODE2429,209,209,0
4,INTNODE2429,185,185,0
4,INTNODE2429,206,206,0
4,INTNODE2429,205,207,0
4,INTNODE2429,210,212,0
4,INTNODE2429,185,187,0
4,INTNODE2429,212,213,0
4,INTNODE2429,46,48,0
4,INTNODE2429,185,187,0
4,INTNODE2429,167,167,0
4,INTNODE2429,185,187,0
4,INTNODE2429,207,207,0
4,INTNODE2429,166,169,0
4,INTNODE2429,175,182,0
4,INTNODE2429,206,208,0
4,INTNODE2429,208,208,0
4,INTNODE2429,211,211,0
4,INTNODE2429,204,205,0
4,INTNODE2429,209,209,0
4,INTNODE2429,207,207,0
4,INTNODE2429,187,189,0
4,INTNODE2429,214,215,0
4,INTNODE2429,161,162,0
4,INTNODE2429,123,125,0
4,INTNODE2429,205,207,0
4,INTNODE2429,203,204,0
4,INTNODE2429,212,212,0
4,INTNODE2429,204,206,0
4,INTNODE2429,73,75,0
4,INTNODE2429,187,187,0
4,INTNODE2429,44,48,0
4,INTNODE2429,132,132,0
4,INTNODE2429,52,55,0
4,INTNODE2429,214,215,0
4,INTNODE2429,69,71,0
4,INTNODE2429,201,201,0
4,INTNODE2429,186,189,0
4,INTNODE2429,204,204,0
4,INTNODE2429,204,204,0
4,INTNODE2429,125,129,0
4,INTNODE2429,176,180,0
4,INTNODE2429,204,204,0
4,INTNODE2429,205,207,0
4,INTNODE2429,208,209,0
4,INTNODE2429,215,215,0
4,INTNODE2429,130,131,0
4,INTNODE2429,213,213,0
4,INTNODE2429,212,214,0
4,INTNODE2429,168,169,0
4,INTNODE2429,210,217,0
4,INTNODE2429,187,189,0
4,INTNODE2429,70,71,0
4,INTNODE2429,161,161,0
4,INTNODE2429,206,206,0
4,INTNODE2429,207,207,0
4,INTNODE2429,202,202,0
4,INTNODE2429,206,207,0
4,INTNODE2429,160,161,0
4,INTNODE2429,58,87,0
4,INTNODE2429,206,208,0
4,INTNODE2429,165,165,0
4,INTNODE2429,202,203,0
4,INTNODE2429,209,209,0
4,INTNODE2429,208,208,0
4,INTNODE2429,185,185,0
4,INTNODE2429,202,203,0
4,INTNODE2429,202,203,0
4,INTNODE2429,138,139,0
4,INTNODE2429,183,185,0
4,INTNODE2429,160,160,0
4,INTNODE2429,185,186,0
4,INTNODE2429,208,209,0
4,INTNODE2429,182,187,0
4,INTNODE2429,205,207,0
4,INTNODE2429,206,208,0
4,INTNODE2429,204,204,0
4,INTNODE2429,215,221,0
4,INTNODE2429,174,175,0
4,INTNODE2429,189,190,0
4,INTNODE2429,214,214,0
4,INTNODE2429,160,161,0
4,INTNODE2429,157,157,0
4,INTNODE2429,206,209,0
4,INTNODE2429,186,186,0
4,INTNODE2429,208,209,0
4,INTNODE2429,189,190,0
4,INTNODE2429,202,205,0
4,INTNODE2429,206,208,0
4,INTNODE2429,210,211,0
4,INTNODE2429,177,177,0
4,INTNODE2429,183,183,0
4,INTNODE2429,205,205,0
4,INTNODE2429,209,210,0
4,INTNODE2429,208,209,0
4,INTNODE2429,183,183,0
4,INTNODE2429,201,204,0
4,INTNODE2429,212,212,0
4,INTNODE2429,194,197,0
4,INTNODE2429,187,187,0
4,INTNODE2429,162,162,0
4,INTNODE2429,211,213,0
4,INTNODE2429,138,140,0
4,INTNODE2429,185,185,0
4,INTNODE2429,206,207,0
4,INTNODE2429,183,184,0
4,INTNODE2429,204,207,0
4,INTNODE2429,186,186,0
4,INTNODE2429,211,213,0
4,INTNODE2429,212,212,0
4,INTNODE2429,187,191,0
4,INTNODE2429,204,206,0
4,INTNODE2429,208,208,0
4,INTNODE2429,205,212,0
4,INTNODE2429,163,163,0
4,INTNODE2429,203,206,0
4,INTNODE2429,161,163,0
4,INTNODE2429,218,219,0
4,INTNODE2429,209,212,0
4,INTNODE2429,209,209,0
4,INTNODE2429,187,189,0
4,INTNODE2429,204,204,0
4,INTNODE2429,69,70,0
4,INTNODE2429,135,140,0
4,INTNODE2429,211,211,0
4,INTNODE2429,206,206,0
4,INTNODE2429,208,208,0
4,INTNODE2429,185,187,0
4,INTNODE2429,160,161,0
4,INTNODE2429,175,176,0
4,INTNODE2429,91,92,0
4,INTNODE2429,204,208,0
4,INTNODE2429,204,204,0
4,INTNODE2429,127,131,0
4,INTNODE2429,204,204,0
4,INTNODE2429,183,183,0
4,INTNODE2429,161,161,0
4,INTNODE2429,210,210,0
4,INTNODE2429,189,193,0
4,INTNODE2429,161,169,0
4,INTNODE2429,161,174,0
4,INTNODE2429,186,186,0
4,INTNODE2429,188,188,0
4,INTNODE2429,186,186,0
4,INTNODE2429,187,187,0
4,INTNODE2429,208,208,0
4,INTNODE2429,196,202,0
4,INTNODE2429,138,149,0
4,INTNODE2429,134,140,0
4,INTNODE2429,223,225,0
4,INTNODE2429,97,99,0
4,INTNODE2429,211,215,0
4,INTNODE2429,72,72,0
4,INTNODE2429,210,210,0
4,INTNODE2429,60,64,0
4,INTNODE2429,56,64,0
4,INTNODE2429,219,221,0
4,INTNODE2429,156,157,0
4,INTNODE2429,162,163,0
4,INTNODE2429,209,213,0
4,INTNODE2429,190,191,0
4,INTNODE2429,205,206,0
4,INTNODE2429,185,186,0
4,INTNODE2429,161,162,0
4,INTNODE2429,209,209,0
4,INTNODE2429,209,209,0
4,INTNODE2429,207,208,0
4,INTNODE2429,207,207,0
4,INTNODE2429,202,203,0
4,INTNODE2429,186,186,0
4,INTNODE2429,161,161,0
4,INTNODE2429,214,215,0
4,INTNODE2429,177,177,0
4,INTNODE2429,94,102,0
4,INTNODE2429,183,183,0
4,INTNODE2429,201,202,0
4,INTNODE2429,153,154,0
4,INTNODE2429,177,184,0
4,INTNODE2429,211,213,0
4,INTNODE2429,169,169,0
4,INTNODE2429,212,212,0
4,INTNODE2429,160,160,0
4,INTNODE2429,206,208,0
4,INTNODE2429,209,209,0
4,INTNODE2429,213,213,0
4,INTNODE2429,176,177,0
4,INTNODE2429,160,161,0
4,INTNODE2429,136,137,0
4,INTNODE2429,209,210,0
4,INTNODE2429,208,213,0
4,INTNODE2429,160,161,0
4,INTNODE2429,132,136,0
4,INTNODE2429,185,185,0
4,INTNODE2429,212,213,0
4,INTNODE2429,144,146,0
4,INTNODE2429,177,186,0
4,INTNODE2429,183,183,0
4,INTNODE2429,161,162,0
4,INTNODE2429,208,210,0
4,INTNODE2429,137,137,0
4,INTNODE2429,161,161,0
4,INTNODE2429,204,205,0
4,INTNODE2429,212,214,0
4,INTNODE2429,216,217,0
4,INTNODE2429,204,204,0
4,INTNODE2429,217,220,0
4,INTNODE2429,183,183,0
4,INTNODE2429,139,140,0
4,INTNODE2429,209,209,0
4,INTNODE2429,205,206,0
4,INTNODE2429,212,212,0
4,INTNODE2429,209,210,0
4,INTNODE2429,214,214,0
4,INTNODE2429,203,204,0
4,INTNODE2429,177,180,0
4,INTNODE2429,209,209,0
4,INTNODE2429,159,159,0
4,INTNODE2429,209,209,0
4,INTNODE2429,160,161,0
4,INTNODE2429,210,211,0
4,INTNODE2429,206,207,0
4,INTNODE2429,46,52,0
4,INTNODE2429,159,160,0
4,INTNODE2429,183,183,0
4,INTNODE2429,208,209,0
4,INTNODE2429,207,207,0
4,INTNODE2429,162,162,0
4,INTNODE2429,209,211,0
4,INTNODE2429,206,215,0
4,INTNODE2429,139,139,0
4,INTNODE2429,191,191,0
4,INTNODE2429,204,205,0
4,INTNODE2429,110,110,0
4,INTNODE2429,203,204,0
4,INTNODE2429,160,160,0
4,INTNODE2429,183,183,0
4,INTNODE2429,205,205,0
4,INTNODE2429,178,179,0
4,INTNODE2429,139,139,0
4,INTNODE2429,186,188,0
4,INTNODE2429,202,204,0
4,INTNODE2429,207,207,0
4,INTNODE2429,57,65,0
4,INTNODE2429,186,189,0
4,INTNODE2429,207,207,0
4,INTNODE2429,208,208,0
4,INTNODE2429,207,207,0
4,INTNODE2429,204,204,0
4,INTNODE2429,205,206,0
4,INTNODE2429,184,184,0
4,INTNODE2429,181,181,0
4,INTNODE2429,206,206,0
4,INTNODE2429,173,174,0
4,INTNODE2429,160,161,0
4,INTNODE2429,209,228,0
4,INTNODE2429,210,210,0
4,INTNODE2429,160,160,0
4,INTNODE2429,138,138,0
4,INTNODE2429,210,211,0
4,INTNODE2429,31,39,0
4,INTNODE2429,183,183,0
4,INTNODE2429,211,214,0
4,INTNODE2429,185,185,0
4,INTNODE2429,185,186,0
4,INTNODE2429,204,204,0
4,INTNODE2429,182,184,0
4,INTNODE2429,208,208,0
4,INTNODE2429,139,146,0
4,INTNODE2429,216,218,0
4,INTNODE2429,210,212,0
4,INTNODE2429,205,206,0
4,INTNODE2429,188,189,0
4,INTNODE2429,160,161,0
4,INTNODE2429,206,209,0
4,INTNODE2429,185,186,0
4,INTNODE2429,202,209,0
4,INTNODE2429,209,209,0
4,INTNODE2429,182,185,0
4,INTNODE2429,186,186,0
4,INTNODE2429,186,186,0
4,INTNODE2429,183,183,0
4,INTNODE2429,178,180,0
4,INTNODE2429,186,186,0
4,INTNODE2429,207,209,0
4,INTNODE2429,179,180,0
4,INTNODE2429,187,189,0
4,INTNODE2429,12,23,0
4,INTNODE2429,73,74,0
4,INTNODE2429,157,164,0
4,INTNODE2429,210,210,0
4,INTNODE2429,188,188,0
4,INTNODE2429,187,187,0
4,INTNODE2429,210,211,0
4,INTNODE2429,209,210,0
4,INTNODE2429,183,183,0
4,INTNODE2429,178,183,0
4,INTNODE2429,207,208,0
4,INTNODE2429,185,186,0
4,INTNODE2429,203,205,0
4,INTNODE2429,206,206,0
4,INTNODE2429,187,187,0
4,INTNODE2429,202,203,0
4,INTNODE2429,213,214,0
4,INTNODE2429,163,165,0
4,INTNODE2429,186,186,0
4,INTNODE2429,97,98,0
4,INTNODE2429,204,206,0
4,INTNODE2429,203,203,0
4,INTNODE2429,204,204,0
4,INTNODE2429,206,206,0
4,INTNODE2429,149,153,0
4,INTNODE2429,185,187,0
4,INTNODE2429,206,206,0
4,INTNODE2429,110,111,0
4,INTNODE2429,206,206,0
4,INTNODE2429,160,161,0
4,INTNODE2429,91,91,0
4,INTNODE2429,158,161,0
4,INTNODE2429,185,186,0
4,INTNODE2429,209,210,0
4,INTNODE2429,158,160,0
4,INTNODE2429,159,160,0
4,INTNODE2429,210,211,0
4,INTNODE2429,207,207,0
4,INTNODE2429,166,170,0
4,INTNODE2429,206,207,0
4,INTNODE2429,162,165,0
4,INTNODE2429,174,176,0
4,INTNODE2429,182,183,0
4,INTNODE2429,186,188,0
4,INTNODE2429,206,207,0
4,INTNODE2429,208,210,0
4,INTNODE2429,210,212,0
4,INTNODE2429,206,207,0
4,INTNODE2429,202,202,0
4,INTNODE2429,191,192,0
4,INTNODE2429,182,184,0
4,INTNODE2429,207,209,0
4,INTNODE2429,203,203,0
4,INTNODE2429,186,187,0
4,INTNODE2429,146,147,0
4,INTNODE2429,208,208,0
4,INTNODE2429,205,206,0
4,INTNODE2429,69,69,0
4,INTNODE2429,206,208,0
4,INTNODE2429,131,138,0
4,INTNODE2429,173,173,0
4,INTNODE2429,160,160,0
4,INTNODE2429,183,183,0
4,INTNODE2429,204,204,0
4,INTNODE2429,173,174,0
4,INTNODE2429,156,160,0
4,INTNODE2429,204,204,0
4,INTNODE2429,197,201,0
4,INTNODE2429,39,41,0
4,INTNODE2429,163,163,0
4,INTNODE2429,211,211,0
4,INTNODE2429,183,185,0
4,INTNODE2429,177,177,0
4,INTNODE2429,173,176,0
4,INTNODE2429,137,137,0
4,INTNODE2429,57,58,0
4,INTNODE2429,175,178,0
4,INTNODE2429,203,204,0
4,INTNODE2429,186,187,0
4,INTNODE2429,206,206,0
4,INTNODE2429,212,215,0
4,INTNODE2429,52,53,0
4,INTNODE2429,183,183,0
4,INTNODE2429,182,186,0
4,INTNODE2429,203,204,0
4,INTNODE2429,204,206,0
4,INTNODE2429,212,214,0
4,INTNODE2429,203,203,0
4,INTNODE2429,182,183,0
4,INTNODE2429,209,210,0
4,INTNODE2429,186,188,0
4,INTNODE2429,217,217,0
4,INTNODE2429,184,185,0
4,INTNODE2429,46,46,0
4,INTNODE2429,212,213,0
4,INTNODE2429,213,213,0
4,INTNODE2429,204,204,0
4,INTNODE2429,209,213,0
4,INTNODE2429,208,208,0
4,INTNODE2429,160,161,0
4,INTNODE2429,183,184,0
4,INTNODE2429,205,206,0
4,INTNODE2429,160,161,0
4,INTNODE2429,160,160,0
4,INTNODE2429,205,208,0
4,INTNODE2429,186,186,0
4,INTNODE2429,69,70,0
4,INTNODE2429,183,183,0
4,INTNODE2429,25,27,0
4,INTNODE2429,184,190,0
4,INTNODE2429,186,186,0
4,INTNODE2429,189,190,0
4,INTNODE2429,206,207,0
4,INTNODE2429,186,186,0
4,INTNODE2429,210,211,0
4,INTNODE2429,208,209,0
4,INTNODE2429,205,206,0
4,INTNODE2429,204,206,0
4,INTNODE2429,208,208,0
4,INTNODE2429,213,213,0
4,INTNODE2429,68,71,0
4,INTNODE2429,206,206,0
4,INTNODE2429,209,210,0
4,INTNODE2429,206,206,0
4,INTNODE2429,160,161,0
4,INTNODE2429,189,190,0
4,INTNODE2429,204,204,0
4,INTNODE2429,161,161,0
4,INTNODE2429,210,214,0
4,INTNODE2429,186,186,0
4,INTNODE2429,167,169,0
4,INTNODE2429,189,191,0
4,INTNODE2429,158,158,0
4,INTNODE2429,160,160,0
4,INTNODE2429,206,206,0
4,INTNODE2429,158,158,0
4,INTNODE2429,210,210,0
4,INTNODE2429,136,137,0
4,INTNODE2429,157,158,0
4,INTNODE2429,26,31,0
4,INTNODE2429,186,187,0
4,INTNODE2429,204,204,0
4,INTNODE2429,209,212,0
4,INTNODE2429,209,209,0
4,INTNODE2429,210,210,0
4,INTNODE2429,214,217,0
4,INTNODE2429,179,183,0
4,INTNODE2429,184,185,0
4,INTNODE2429,161,167,0
4,INTNODE2429,204,209,0
4,INTNODE2429,209,209,0
4,INTNODE2429,184,187,0
4,INTNODE2429,201,201,0
4,INTNODE2429,204,206,0
4,INTNODE2429,177,178,0
4,INTNODE2429,208,208,0
4,INTNODE2429,178,178,0
4,INTNODE2429,187,188,0
4,INTNODE2429,208,208,0
4,INTNODE2429,179,180,0
4,INTNODE2429,133,137,0
4,INTNODE2429,188,188,0
4,INTNODE2429,210,215,0
4,INTNODE2429,204,205,0
4,INTNODE2429,209,209,0
4,INTNODE2429,208,209,0
4,INTNODE2429,204,204,0
4,INTNODE2429,210,210,0
4,INTNODE2429,203,204,0
4,INTNODE2429,160,160,0
4,INTNODE2429,209,210,0
4,INTNODE2429,219,223,0
4,INTNODE2429,185,187,0
4,INTNODE2429,178,181,0
4,INTNODE2429,90,93,0
4,INTNODE2429,104,106,0
4,INTNODE2429,206,207,0
4,INTNODE2429,206,208,0
4,INTNODE2429,209,209,0
4,INTNODE2429,184,185,0
4,INTNODE2429,206,208,0
4,INTNODE2429,209,209,0
4,INTNODE2429,209,209,0
4,INTNODE2429,167,168,0
4,INTNODE2429,156,158,0
4,INTNODE2429,208,211,0
4,INTNODE2429,182,182,0
4,INTNODE2429,185,187,0
4,INTNODE2429,205,207,0
4,INTNODE2429,215,218,0
4,INTNODE2429,206,206,0
4,INTNODE2429,188,189,0
4,INTNODE2429,165,165,0
4,INTNODE2429,206,206,0
4,INTNODE2429,184,184,0
4,INTNODE2429,202,204,0
4,INTNODE2429,158,160,0
4,INTNODE2429,69,70,0
4,INTNODE2429,178,178,0
4,INTNODE2429,211,213,0
4,INTNODE2429,204,204,0
4,INTNODE2429,220,222,0
4,INTNODE2429,185,185,0
4,INTNODE2429,169,170,0
4,INTNODE2429,189,189,0
4,INTNODE2429,189,189,0
4,INTNODE2429,162,162,0
4,INTNODE2429,132,134,0
4,INTNODE2429,160,161,0
4,INTNODE2429,154,156,0
4,INTNODE2429,207,211,0
4,INTNODE2429,160,160,0
4,INTNODE2429,189,191,0
4,INTNODE2429,139,142,0
4,INTNODE2429,184,185,0
4,INTNODE2429,206,208,0
4,INTNODE2429,211,211,0
4,INTNODE2429,144,152,0
4,INTNODE2429,187,187,0
4,INTNODE2429,161,167,0
4,INTNODE2429,178,182,0
4,INTNODE2429,69,69,0
4,INTNODE2429,214,214,0
4,INTNODE2429,207,208,0
4,INTNODE2429,209,209,0
4,INTNODE2429,202,204,0
4,INTNODE2429,154,155,0
4,INTNODE2429,205,205,0
4,INTNODE2429,204,204,0
4,INTNODE2429,89,90,0
4,INTNODE2429,207,211,0
4,INTNODE2429,183,184,0
4,INTNODE2429,177,178,0
4,INTNODE2429,48,50,0
4,INTNODE2429,207,207,0
4,INTNODE2429,161,161,0
4,INTNODE2429,182,182,0
4,INTNODE2429,158,158,0
4,INTNODE2429,160,163,0
4,INTNODE2429,209,211,0
4,INTNODE2429,183,183,0
4,INTNODE2429,206,206,0
4,INTNODE2429,176,178,0
4,INTNODE2429,160,165,0
4,INTNODE2429,183,184,0
4,INTNODE2429,191,191,0
4,INTNODE2429,208,210,0
4,INTNODE2429,186,187,0
4,INTNODE2429,205,209,0
4,INTNODE2429,186,186,0
4,INTNODE2429,183,184,0
4,INTNODE2429,209,210,0
4,INTNODE2429,173,176,0
4,INTNODE2429,163,167,0
4,INTNODE2429,189,189,0
4,INTNODE2429,183,183,0
4,INTNODE2429,204,206,0
4,INTNODE2429,159,159,0
4,INTNODE2429,204,209,0
4,INTNODE2429,212,214,0
4,INTNODE2429,208,209,0
4,INTNODE2429,158,159,0
4,INTNODE2429,160,160,0
4,INTNODE2429,162,163,0
4,INTNODE2429,186,188,0
4,INTNODE2429,207,207,0
4,INTNODE2429,205,211,0
4,INTNODE2429,201,202,0
4,INTNODE2429,209,209,0
4,INTNODE2429,213,213,0
4,INTNODE2429,184,184,0
4,INTNODE2429,179,180,0
4,INTNODE2429,206,206,0
4,INTNODE2429,223,225,0
4,INTNODE2429,201,201,0
4,INTNODE2429,138,140,0
4,INTNODE2429,183,185,0
4,INTNODE2429,110,112,0
4,INTNODE2429,209,213,0
4,INTNODE2429,209,214,0
4,INTNODE2429,212,212,0
4,INTNODE2429,207,210,0
4,INTNODE2429,206,209,0
4,INTNODE2429,160,161,0
4,INTNODE2429,193,194,0
4,INTNODE2429,57,57,0
4,INTNODE2429,188,188,0
4,INTNODE2429,160,160,0
4,INTNODE2429,186,188,0
4,INTNODE2429,182,185,0
4,INTNODE2429,184,186,0
4,INTNODE2429,93,108,0
4,INTNODE2429,95,97,0
4,INTNODE2429,203,203,0
4,INTNODE2429,203,204,0
4,INTNODE2429,129,130,0
4,INTNODE2429,208,209,0
4,INTNODE2429,183,183,0
4,INTNODE2429,206,208,0
4,INTNODE2429,72,85,0
4,INTNODE2429,185,185,0
4,INTNODE2429,211,213,0
4,INTNODE2429,211,212,0
4,INTNODE2429,162,162,0
4,INTNODE2429,186,187,0
4,INTNODE2429,207,207,0
4,INTNODE2429,160,160,0
4,INTNODE2429,188,191,0
4,INTNODE2429,211,211,0
4,INTNODE2429,206,206,0
4,INTNODE2429,157,157,0
4,INTNODE2429,77,81,0
4,INTNODE2429,209,209,0
4,INTNODE2429,209,209,0
4,INTNODE2429,206,213,0
4,INTNODE2429,185,185,0
4,INTNODE2429,186,189,0
4,INTNODE2429,205,207,0
4,INTNODE2429,160,160,0
4,INTNODE2429,210,210,0
4,INTNODE2429,185,186,0
4,INTNODE2429,160,160,0
4,INTNODE2429,204,204,0
4,INTNODE2429,203,203,0
4,INTNODE2429,187,188,0
4,INTNODE2429,206,207,0
4,INTNODE2429,209,210,0
4,INTNODE2429,210,212,0
4,INTNODE2429,209,212,0
4,INTNODE2429,26,26,0
4,INTNODE2429,206,207,0
4,INTNODE2429,179,183,0
4,INTNODE2429,185,186,0
4,INTNODE2429,204,207,0
4,INTNODE2429,203,209,0
4,INTNODE2429,70,71,0
4,INTNODE2429,219,219,0
4,INTNODE2429,178,179,0
4,INTNODE2429,185,185,0
4,INTNODE2429,205,205,0
4,INTNODE2429,184,187,0
4,INTNODE2429,208,208,0
4,INTNODE2429,210,210,0
4,INTNODE2429,210,210,0
4,INTNODE2429,51,52,0
4,INTNODE2429,204,206,0
4,INTNODE2429,204,204,0
4,INTNODE2429,204,214,0
4,INTNODE2429,211,211,0
4,INTNODE2429,186,187,0
4,INTNODE2429,0,12,0
4,INTNODE2429,174,176,0
4,INTNODE2429,182,182,0
4,INTNODE2429,182,187,0
4,INTNODE2429,203,203,0
4,INTNODE2429,173,176,0
4,INTNODE2429,185,190,0
4,INTNODE2429,211,211,0
4,INTNODE2429,209,209,0
4,INTNODE2429,176,177,0
4,INTNODE2429,184,189,0
4,INTNODE2429,161,161,0
4,INTNODE2429,167,168,0
4,INTNODE2429,134,137,0
4,INTNODE2429,183,184,0
4,INTNODE2429,186,186,0
4,INTNODE2429,136,136,0
4,INTNODE2429,206,210,0
4,INTNODE2429,160,160,0
4,INTNODE2429,187,187,0
4,INTNODE2429,186,186,0
4,INTNODE2429,212,214,0
4,INTNODE2429,204,206,0
4,INTNODE2429,175,181,0
4,INTNODE2429,186,186,0
4,INTNODE2429,214,220,0
4,INTNODE2429,207,207,0
4,INTNODE2429,208,208,0
4,INTNODE2429,207,207,0
4,INTNODE2429,131,133,0
4,INTNODE2429,204,205,0
4,INTNODE2429,209,211,0
4,INTNODE2429,167,167,0
4,INTNODE2429,203,204,0
4,INTNODE2429,131,132,0
4,INTNODE2429,183,183,0
4,INTNODE2429,47,47,0
4,INTNODE2429,178,180,0
4,INTNODE2429,72,73,0
4,INTNODE2429,206,209,0
4,INTNODE2429,137,138,0
4,INTNODE2429,175,175,0
4,INTNODE2429,188,188,0
4,INTNODE2429,211,212,0
4,INTNODE2429,184,185,0
4,INTNODE2429,210,212,0
4,INTNODE2429,206,207,0
4,INTNODE2429,211,212,0
4,INTNODE2429,158,159,0
4,INTNODE2429,202,204,0
4,INTNODE2429,183,184,0
4,INTNODE2429,189,190,0
4,INTNODE2429,211,211,0
4,INTNODE2429,207,211,0
4,INTNODE2429,161,161,0
4,INTNODE2429,208,208,0
4,INTNODE2429,182,182,0
4,INTNODE2429,93,98,0
4,INTNODE2429,160,160,0
4,INTNODE2429,45,46,0
4,INTNODE2429,186,187,0
4,INTNODE2429,183,184,0
4,INTNODE2429,204,204,0
4,INTNODE2429,178,179,0
4,INTNODE2429,210,217,0
4,INTNODE2429,69,69,0
4,INTNODE2429,207,210,0
4,INTNODE2429,206,207,0
4,INTNODE2429,209,209,0
4,INTNODE2429,159,160,0
4,INTNODE2429,189,190,0
4,INTNODE2429,146,147,0
4,INTNODE2429,166,166,0
4,INTNODE2429,209,209,0
4,INTNODE2429,161,162,0
4,INTNODE2429,139,140,0
4,INTNODE2429,157,161,0
4,INTNODE2429,160,160,0
4,INTNODE2429,188,189,0
4,INTNODE2429,210,214,0
4,INTNODE2429,185,186,0
4,INTNODE2429,204,204,0
4,INTNODE2429,206,206,0
4,INTNODE2429,205,205,0
4,INTNODE2429,159,159,0
4,INTNODE2429,69,69,0
4,INTNODE2429,90,91,0
4,INTNODE2429,186,188,0
4,INTNODE2429,205,207,0
4,INTNODE2429,212,215,0
4,INTNODE2429,157,158,0
4,INTNODE2429,205,207,0
4,INTNODE2429,209,211,0
4,INTNODE2429,183,183,0
4,INTNODE2429,205,206,0
4,INTNODE2429,160,161,0
4,INTNODE2429,210,211,0
4,INTNODE2429,206,206,0
4,INTNODE2429,189,189,0
4,INTNODE2429,189,189,0
4,INTNODE2429,186,186,0
4,INTNODE2429,159,160,0
4,INTNODE2429,186,186,0
4,INTNODE2429,182,183,0
4,INTNODE2429,138,138,0
4,INTNODE2429,137,138,0
4,INTNODE2429,209,209,0
4,INTNODE2429,207,207,0
4,INTNODE2429,204,204,0
4,INTNODE2429,209,210,0
4,INTNODE2429,204,204,0
4,INTNODE2429,169,170,0
4,INTNODE2429,156,156,0
4,INTNODE2429,53,57,0
4,INTNODE2429,87,90,0
4,INTNODE2429,160,160,0
4,INTNODE2429,167,167,0
4,INTNODE2429,156,158,0
4,INTNODE2429,130,134,0
4,INTNODE2429,209,210,0
4,INTNODE2429,209,210,0
4,INTNODE2429,210,212,0
4,INTNODE2429,212,212,0
4,INTNODE2429,213,214,0
4,INTNODE2429,183,183,0
4,INTNODE2429,161,162,0
4,INTNODE2429,211,211,0
4,INTNODE2429,183,183,0
4,INTNODE2429,212,213,0
4,INTNODE2429,176,178,0
4,INTNODE2429,211,214,0
4,INTNODE2429,209,210,0
4,INTNODE2429,187,189,0
4,INTNODE2429,204,204,0
4,INTNODE2429,205,207,0
4,INTNODE2429,133,135,0
4,INTNODE2429,206,206,0
4,INTNODE2429,208,212,0
4,INTNODE2429,209,210,0
4,INTNODE2429,191,191,0
4,INTNODE2429,215,215,0
4,INTNODE2429,207,209,0
4,INTNODE2429,132,135,0
4,INTNODE2429,185,187,0
4,INTNODE2429,214,217,0
4,INTNODE2429,219,223,0
4,INTNODE2429,186,188,0
4,INTNODE2429,184,184,0
4,INTNODE2429,137,137,0
4,INTNODE2429,207,207,0
4,INTNODE2429,162,163,0
4,INTNODE2429,208,208,0
4,INTNODE2429,186,187,0
4,INTNODE2429,205,205,0
4,INTNODE2429,160,160,0
4,INTNODE2429,206,207,0
4,INTNODE2429,183,184,0
4,INTNODE2429,204,204,0
4,INTNODE2429,184,188,0
4,INTNODE2429,206,207,0
4,INTNODE2429,161,161,0
4,INTNODE2429,210,210,0
4,INTNODE2429,69,70,0
4,INTNODE2429,162,163,0
4,INTNODE2429,210,210,0
4,INTNODE2429,204,204,0
4,INTNODE2429,154,155,0
4,INTNODE2429,206,207,0
4,INTNODE2429,209,210,0
4,INTNODE2429,185,185,0
4,INTNODE2429,183,187,0
4,INTNODE2429,131,132,0
4,INTNODE2429,167,167,0
4,INTNODE2429,52,54,0
4,INTNODE2429,203,203,0
4,INTNODE2429,207,208,0
4,INTNODE2429,185,188,0
4,INTNODE2429,208,208,0
4,INTNODE2429,212,213,0
4,INTNODE2429,207,211,0
4,INTNODE2429,207,209,0
4,INTNODE2429,208,208,0
4,INTNODE2429,204,204,0
4,INTNODE2429,206,209,0
4,INTNODE2429,155,156,0
4,INTNODE2429,196,197,0
4,INTNODE2429,205,206,0
4,INTNODE2429,212,212,0
4,INTNODE2429,183,183,0
4,INTNODE2429,206,206,0
4,INTNODE2429,177,177,0
4,INTNODE2429,207,210,0
4,INTNODE2429,160,160,0
4,INTNODE2429,214,218,0
4,INTNODE2429,207,210,0
4,INTNODE2429,183,184,0
4,INTNODE2429,207,209,0
4,INTNODE2429,212,212,0
4,INTNODE2429,205,207,0
4,INTNODE2429,179,183,0
4,INTNODE2429,203,204,0
4,INTNODE2429,158,159,0
4,INTNODE2429,69,69,0
4,INTNODE2429,175,175,0
4,INTNODE2429,91,93,0
4,INTNODE2429,187,187,0
4,INTNODE2429,134,134,0
4,INTNODE2429,204,205,0
4,INTNODE2429,160,160,0
4,INTNODE2429,174,176,0
4,INTNODE2429,138,139,0
4,INTNODE2429,161,162,0
4,INTNODE2429,205,206,0
4,INTNODE2429,204,204,0
4,INTNODE2429,155,158,0
4,INTNODE2429,205,205,0
4,INTNODE2429,51,52,0
4,INTNODE2429,214,214,0
4,INTNODE2429,160,160,0
4,INTNODE2429,185,186,0
4,INTNODE2429,49,55,0
4,INTNODE2429,137,137,0
4,INTNODE2429,202,204,0
4,INTNODE2429,209,209,0
4,INTNODE2429,48,51,0
4,INTNODE2429,208,208,0
4,INTNODE2429,185,187,0
4,INTNODE2429,204,205,0
4,INTNODE2429,208,208,0
4,INTNODE2429,185,185,0
4,INTNODE2429,161,161,0
4,INTNODE2429,204,205,0
4,INTNODE2429,104,109,0
4,INTNODE2429,156,156,0
4,INTNODE2429,210,210,0
4,INTNODE2429,203,203,0
4,INTNODE2429,154,155,0
4,INTNODE2429,179,180,0
4,INTNODE2429,204,208,0
4,INTNODE2429,183,183,0
4,INTNODE2429,158,158,0
4,INTNODE2429,186,186,0
4,INTNODE2429,69,69,0
4,INTNODE2429,208,209,0
4,INTNODE2429,204,205,0
4,INTNODE2429,186,186,0
4,INTNODE2429,69,69,0
4,INTNODE2429,205,206,0
4,INTNODE2429,207,208,0
4,INTNODE2429,206,207,0
4,INTNODE2429,203,203,0
4,INTNODE2429,202,206,0
4,INTNODE2429,205,206,0
4,INTNODE2429,203,204,0
4,INTNODE2429,206,206,0
4,INTNODE2429,209,209,0
4,INTNODE2429,161,162,0
4,INTNODE2429,159,159,0
4,INTNODE2429,138,141,0
4,INTNODE2429,161,162,0
4,INTNODE2429,212,213,0
4,INTNODE2429,182,183,0
4,INTNODE2429,68,69,0
4,INTNODE2429,209,211,0
4,INTNODE2429,186,188,0
4,INTNODE2429,205,205,0
4,INTNODE2429,187,188,0
4,INTNODE2429,131,142,0
4,INTNODE2429,139,139,0
4,INTNODE2429,155,161,0
4,INTNODE2429,185,185,0
4,INTNODE2429,194,199,0
4,INTNODE2429,162,162,0
4,INTNODE2429,183,185,0
4,INTNODE2429,210,210,0
4,INTNODE2429,201,201,0
4,INTNODE2429,204,206,0
4,INTNODE2429,211,212,0
4,INTNODE2429,160,163,0
4,INTNODE2429,30,59,0
4,INTNODE2429,204,204,0
4,INTNODE2429,183,185,0
4,INTNODE2429,189,191,0
4,INTNODE2429,216,216,0
4,INTNODE2429,146,146,0
4,INTNODE2429,188,189,0
4,INTNODE2429,165,167,0
4,INTNODE2429,209,209,0
4,INTNODE2429,210,210,0
4,INTNODE2429,210,211,0
4,INTNODE2429,177,178,0
4,INTNODE2429,158,158,0
4,INTNODE2429,207,208,0
4,INTNODE2429,202,203,0
4,INTNODE2429,183,184,0
4,INTNODE2429,186,186,0
4,INTNODE2429,158,159,0
4,INTNODE2429,176,176,0
4,INTNODE2429,217,218,0
4,INTNODE2429,205,205,0
4,INTNODE2429,202,203,0
4,INTNODE2429,188,188,0
4,INTNODE2429,184,186,0
4,INTNODE2429,203,204,0
4,INTNODE2429,187,187,0
4,INTNODE2429,157,157,0
4,INTNODE2429,206,206,0
4,INTNODE2429,210,212,0
4,INTNODE2429,182,184,0
4,INTNODE2429,139,140,0
4,INTNODE2429,206,206,0
4,INTNODE2429,207,207,0
4,INTNODE2429,186,189,0
4,INTNODE2429,188,188,0
4,INTNODE2429,208,209,0
4,INTNODE2429,201,205,0
4,INTNODE2429,158,161,0
4,INTNODE2429,45,45,0
4,INTNODE2429,188,189,0
4,INTNODE2429,158,158,0
4,INTNODE2429,181,183,0
4,INTNODE2429,187,188,0
4,INTNODE2429,174,175,0
4,INTNODE2429,205,208,0
4,INTNODE2429,203,205,0
4,INTNODE2429,212,212,0
4,INTNODE2429,174,177,0
4,INTNODE2429,207,207,0
4,INTNODE2429,91,92,0
4,INTNODE2429,189,189,0
4,INTNODE2429,208,210,0
4,INTNODE2429,204,204,0
4,INTNODE2429,138,138,0
4,INTNODE2429,185,186,0
4,INTNODE2429,206,206,0
4,INTNODE2429,69,69,0
4,INTNODE2429,204,205,0
4,INTNODE2429,185,186,0
4,INTNODE2429,65,72,0
4,INTNODE2429,208,208,0
4,INTNODE2429,184,184,0
4,INTNODE2429,168,173,0
4,INTNODE2429,209,210,0
4,INTNODE2429,202,202,0
4,INTNODE2429,189,189,0
4,INTNODE2429,160,160,0
4,INTNODE2429,212,216,0
4,INTNODE2429,186,186,0
4,INTNODE2429,184,184,0
4,INTNODE2429,204,208,0
4,INTNODE2429,154,154,0
4,INTNODE2429,205,205,0
4,INTNODE2429,177,177,0
4,INTNODE2429,187,187,0
4,INTNODE2429,92,92,0
4,INTNODE2429,186,186,0
4,INTNODE2429,203,203,0
4,INTNODE2429,210,211,0
4,INTNODE2429,160,161,0
4,INTNODE2429,174,174,0
4,INTNODE2429,160,162,0
4,INTNODE2429,177,178,0
4,INTNODE2429,150,151,0
4,INTNODE2429,209,209,0
4,INTNODE2429,204,206,0
4,INTNODE2429,178,178,0
4,INTNODE2429,182,182,0
4,INTNODE2429,211,213,0
4,INTNODE2429,95,95,0
4,INTNODE2429,187,188,0
4,INTNODE2429,183,186,0
4,INTNODE2429,160,160,0
4,INTNODE2429,131,132,0
4,INTNODE2429,185,186,0
4,INTNODE2429,138,139,0
4,INTNODE2429,214,218,0
4,INTNODE2429,204,205,0
4,INTNODE2429,173,173,0
4,INTNODE2429,174,174,0
4,INTNODE2429,158,160,0
4,INTNODE2429,93,97,0
4,INTNODE2429,213,213,0
4,INTNODE2429,211,212,0
4,INTNODE2429,209,210,0
4,INTNODE2429,161,161,0
4,INTNODE2429,185,185,0
4,INTNODE2429,207,208,0
4,INTNODE2429,46,46,0
4,INTNODE2429,161,162,0
4,INTNODE2429,187,190,0
4,INTNODE2429,161,161,0
4,INTNODE2429,160,160,0
4,INTNODE2429,188,189,0
4,INTNODE2429,210,210,0
4,INTNODE2429,205,209,0
4,INTNODE2429,211,212,0
4,INTNODE2429,184,184,0
4,INTNODE2429,206,207,0
4,INTNODE2429,161,161,0
4,INTNODE2429,161,161,0
4,INTNODE2429,186,187,0
4,INTNODE2429,208,211,0
4,INTNODE2429,158,159,0
4,INTNODE2429,206,207,0
4,INTNODE2429,185,185,0
4,INTNODE2429,157,160,0
4,INTNODE2429,186,188,0
4,INTNODE2429,127,134,0
4,INTNODE2429,183,184,0
4,INTNODE2429,208,209,0
4,INTNODE2429,177,178,0
4,INTNODE2429,186,189,0
4,INTNODE2429,168,169,0
4,INTNODE2429,160,160,0
4,INTNODE2429,206,206,0
4,INTNODE2429,160,161,0
4,INTNODE2429,189,190,0
4,INTNODE2429,138,138,0
4,INTNODE2429,204,204,0
4,INTNODE2429,178,178,0
4,INTNODE2429,209,209,0
4,INTNODE2429,206,206,0
4,INTNODE2429,158,160,0
4,INTNODE2429,209,209,0
4,INTNODE2429,187,187,0
4,INTNODE2429,209,210,0
4,INTNODE2429,158,158,0
4,INTNODE2429,186,187,0
4,INTNODE2429,138,145,0
4,INTNODE2429,176,178,0
4,INTNODE2429,209,209,0
4,INTNODE2429,183,185,0
4,INTNODE2429,25,26,0
4,INTNODE2429,208,208,0
4,INTNODE2429,146,149,0
4,INTNODE2429,202,202,0
4,INTNODE2429,158,160,0
4,INTNODE2429,92,93,0
4,INTNODE2429,183,183,0
4,INTNODE2429,180,182,0
4,INTNODE2429,160,163,0
4,INTNODE2429,207,208,0
4,INTNODE2429,179,180,0
4,INTNODE2429,217,219,0
4,INTNODE2429,186,186,0
4,INTNODE2429,183,185,0
4,INTNODE2429,64,68,0
4,INTNODE2429,177,180,0
4,INTNODE2429,129,132,0
4,INTNODE2429,160,161,0
4,INTNODE2429,159,159,0
4,INTNODE2429,183,184,0
4,INTNODE2429,161,165,0
4,INTNODE2429,204,205,0
4,INTNODE2429,204,204,0
4,INTNODE2429,210,211,0
4,INTNODE2429,210,214,0
4,INTNODE2429,207,207,0
4,INTNODE2429,187,187,0
4,INTNODE2429,210,211,0
4,INTNODE2429,206,207,0
4,INTNODE2429,210,210,0
4,INTNODE2429,182,182,0
4,INTNODE2429,133,135,0
4,INTNODE2429,183,184,0
4,INTNODE2429,205,206,0
4,INTNODE2429,185,185,0
4,INTNODE2429,156,157,0
4,INTNODE2429,204,206,0
4,INTNODE2429,186,188,0
4,INTNODE2429,206,206,0
4,INTNODE2429,166,167,0
4,INTNODE2429,218,220,0
4,INTNODE2429,46,48,0
4,INTNODE2429,207,211,0
4,INTNODE2429,208,209,0
4,INTNODE2429,208,209,0
4,INTNODE2429,204,205,0
4,INTNODE2429,209,210,0
4,INTNODE2429,206,206,0
4,INTNODE2429,210,213,0
4,INTNODE2429,162,162,0
4,INTNODE2429,208,209,0
4,INTNODE2429,207,207,0
4,INTNODE2429,208,211,0
4,INTNODE2429,160,161,0
4,INTNODE2429,183,184,0
4,INTNODE2429,57,58,0
4,INTNODE2429,206,206,0
4,INTNODE2429,207,209,0
4,INTNODE1246,0,4,0
4,INTNODE1246,18,18,0
4,INTNODE1246,0,18,0
4,INTNODE1246,4,6,0
4,INTNODE1246,4,4,0
4,INTNODE1246,4,4,0
4,INTNODE1246,4,5,0
4,INTNODE1246,4,5,0
4,INTNODE1246,18,19,0
4,INTNODE1246,4,5,0
6,INTNODE1371,5,5,0
6,INTNODE1371,0,5,0
6,INTNODE1371,5,5,0
6,INTNODE1371,0,1,0
6,INTNODE2024,0,1,0
6,INTNODE2024,0,0,0
7,INTNODE1236,0,12,0
7,INTNODE1236,0,3,0
7,INTNODE1249,34,38,0
7,INTNODE1249,52,52,0
7,INTNODE1249,18,47,0
7,INTNODE1249,34,52,0
7,INTNODE1249,14,14,0
7,INTNODE1249,14,21,0
7,INTNODE1249,38,38,0
7,INTNODE1249,7,14,0
7,INTNODE1249,38,38,0
7,INTNODE1249,38,39,0
7,INTNODE1249,21,21,0
7,INTNODE1249,0,7,0
7,INTNODE1249,38,39,0
7,INTNODE1249,7,18,0
7,INTNODE1249,47,76,0
7,INTNODE1249,0,11,0
7,INTNODE1249,11,28,0
7,INTNODE1249,47,55,0
7,INTNODE1249,38,40,0
7,INTNODE1249,11,12,0
7,INTNODE1249,21,21,0
7,INTNODE1249,52,53,0
7,INTNODE1249,38,39,0
7,INTNODE1249,18,34,0
7,INTNODE1290,0,0,0
7,INTNODE1290,0,1,0
7,INTNODE1628,1,1,0
7,INTNODE1628,1,1,0
7,INTNODE1628,2,4,1
7,INTNODE1628,1,1,0
7,INTNODE1628,5,5,0
7,INTNODE1628,0,2,0
7,INTNODE1628,1,2,0
7,INTNODE1628,1,2,0
7,INTNODE1628,1,2,0
7,INTNODE1628,2,4,0
7,INTNODE1628,2,2,0
7,INTNODE1628,1,1,0
7,INTNODE1628,2,4,0
7,INTNODE1628,1,1,0
7,INTNODE1628,1,1,0
7,INTNODE1628,3,4,0
7,INTNODE1628,5,5,0
7,INTNODE1628,4,5,0
7,INTNODE1628,2,3,0
7,INTNODE1628,2,2,0
7,INTNODE1628,1,2,0
7,INTNODE1628,2,3,0
7,INTNODE1628,2,4,0
7,INTNODE1628,2,3,0
7,INTNODE1628,4,5,0
7,INTNODE1628,2,2,0
7,INTNODE1628,2,3,0
7,INTNODE1628,5,5,0
7,INTNODE1628,2,2,0
7,INTNODE1628,2,2,0
7,INTNODE1628,2,3,0
7,INTNODE1628,3,4,0
7,INTNODE1628,3,4,0
7,INTNODE1628,2,2,0
7,INTNODE1628,1,3,0
7,INTNODE1628,2,2,0
7,INTNODE1628,1,2,0
7,INTNODE1628,1,2,0
7,INTNODE1628,1,4,0
7,INTNODE1628,2,2,0
7,INTNODE1628,5,6,0
7,INTNODE1628,2,3,0
7,INTNODE1628,2,3,0
7,INTNODE1628,2,4,0
7,INTNODE1628,2,2,0
7,INTNODE1628,1,2,0
7,INTNODE1628,2,4,0
7,INTNODE1628,5,9,1
7,INTNODE1628,2,2,0
7,INTNODE1628,1,1,0
7,INTNODE1628,1,1,0
7,INTNODE1628,1,2,0
7,INTNODE1628,2,2,0
7,INTNODE1628,1,5,1
7,INTNODE1628,1,2,0
7,INTNODE1628,2,2,0
7,INTNODE1628,1,1,0
7,INTNODE1628,2,4,0
7,INTNODE1628,2,2,0
7,INTNODE1628,2,2,0
7,INTNODE1628,1,2,0
7,INTNODE1628,3,3,0
7,INTNODE1628,1,1,0
7,INTNODE1628,2,2,0
7,INTNODE1628,2,2,0
7,INTNODE1628,2,5,0
7,INTNODE1628,2,5,0
7,INTNODE1628,2,4,0
7,INTNODE1628,2,3,0
7,INTNODE1628,5,7,0
7,INTNODE1628,1,2,0
7,INTNODE1628,1,1,0
7,INTNODE1628,1,1,0
7,INTNODE1628,1,1,0
7,INTNODE1628,1,3,0
7,INTNODE1628,1,1,0
7,INTNODE1628,2,2,0
7,INTNODE1628,4,5,0
7,INTNODE1628,3,4,0
7,INTNODE1628,3,4,0
7,INTNODE1628,2,4,0
7,INTNODE1628,2,2,0
7,INTNODE1628,2,2,0
7,INTNODE1628,1,1,0
7,INTNODE1628,5,6,0
7,INTNODE1628,5,5,0
7,INTNODE1628,0,1,0
7,INTNODE1628,2,2,0
7,INTNODE1628,1,4,0
7,INTNODE1628,1,1,0
7,INTNODE1628,4,4,0
7,INTNODE1628,5,5,0
7,INTNODE1628,2,4,0
7,INTNODE1628,1,1,0
7,INTNODE1628,2,5,1
7,INTNODE1628,2,4,0
7,INTNODE1628,2,2,0
7,INTNODE1628,1,1,0
7,INTNODE1628,2,4,0
7,INTNODE1628,5,6,0
7,INTNODE1628,1,3,0
7,INTNODE1628,1,2,0
7,INTNODE1628,2,4,0
7,INTNODE1628,1,1,0
7,INTNODE1628,1,1,0
7,INTNODE1628,2,4,0
7,INTNODE1628,2,2,0
7,INTNODE1628,2,2,0
7,INTNODE1914,0,3,0
7,INTNODE1914,0,3,0
7,INTNODE2326,0,0,0
7,INTNODE2326,0,0,0
7,INTNODE2326,0,1,0
7,INTNODE2326,0,1,0